,launches,COSPAR_ID,Time(UTC),Date,Longitude,Latitude,Rocket_Name,DISCOSweb_Rocket_ID,Megaconstellation_Flag,Booster_No,Booster_PropMass,Booster_Fuel_Type,Booster_StageMass,Stage1_PropMass,Stage1_Fuel_Type,Stage1_StageMass,Stage2_PropMass,Stage2_Fuel_Type,Stage2_StageMass,Stage3_PropMass,Stage3_Fuel_Type,Stage3_StageMass,Stage4_PropMass,Stage4_Fuel_Type,Stage4_StageMass,Fairing_Mass,Proxy_Rocket
0,0,2020-001,2.4,20200107,-81.0,28.5,Falcon 9 v1.2,284,True,0,0.0,,0.0,414850.0,Kerosene,24700.0,109500.0,Kerosene,4250.0,0.0,,0.0,0.0,,0.0,1875.0,
1,1,2020-002,15.36,20200107,102.0,28.2,Long March (CZ) 3B,64,False,4,164400.0,Hypergolic,14200.0,186200.0,Hypergolic,11200.0,41000.0,Hypergolic,3924.0,18196.5,Hydrogen,2770.0,0.0,,0.0,1500.0,
2,2,2020-003,2.88,20200115,111.5,37.8,Long March (CZ) 2D,158,False,0,0.0,,0.0,182000.0,Hypergolic,9500.0,52700.0,Hypergolic,4000.0,0.0,,0.0,0.0,,0.0,750.0,
3,3,2020-004,3.12,20200116,100.3,41.3,Kuaizhou-1,91718,True,0,0.0,,0.0,16000.0,Solid,621.0,8000.0,Solid,686.0,3000.0,Solid,183.0,1000.0,Hypergolic,200.0,1756.0,
4,4,2020-005,21.12,20200116,-52.8,5.2,Ariane 5ECA,204,False,2,480000.0,Solid,31000.0,170000.0,Hydrogen,14700.0,14900.0,Hydrogen,4540.0,0.0,,0.0,0.0,,0.0,2675.0,
5,5,2020-006,14.16,20200129,-81.0,28.5,Falcon 9 v1.2,284,True,0,0.0,,0.0,414850.0,Kerosene,24700.0,109500.0,Kerosene,4250.0,0.0,,0.0,0.0,,0.0,1875.0,
6,6,2020-007,2.88,20200131,177.8655,-39.2609,Electron (Curie),91285,False,0,0.0,,0.0,9250.0,Kerosene,950.0,2100.0,Kerosene,250.0,245.0,Hypergolic,40.0,0.0,,0.0,44.0,
7,7,2020-008,21.6,20200206,63.4,45.6,Soyuz-2-1B Fregat-M,10,True,4,156640.0,Kerosene,15136.0,90100.0,Kerosene,6545.0,25400.0,Kerosene,2355.0,5750.0,Hypergolic,960.0,0.0,,0.0,1800.0,
8,8,2020-009,1.68,20200209,130.6,30.4,H-IIA 202,190,False,2,130000.0,Solid,21000.0,101100.0,Hydrogen,12900.0,16900.0,Hydrogen,3100.0,0.0,,0.0,0.0,,0.0,1400.0,
9,9,2020-F01,15.84,20200209,53.920601,35.234338,Simorgh,88324,False,0,0.0,,0.0,63000.0,Hypergolic,12700.0,8000.0,Hypergolic,1600.0,185.0,Solid,230.0,0.0,,0.0,120.0,
10,10,2020-010,4.08,20200210,-81.0,28.5,Atlas V 411,208,False,1,42630.0,Solid,3630.0,284089.0,Kerosene,21054.0,20800.0,Hydrogen,2030.0,0.0,,0.0,0.0,,0.0,2305.0,
11,11,2020-011,20.4,20200215,-75.46,37.85,Antares 230,278,False,0,0.0,,0.0,242200.0,Kerosene,19700.0,24924.0,Solid,1392.0,0.0,,0.0,0.0,,0.0,971.0,
12,12,2020-012,15.120000000000001,20200217,-81.0,28.5,Falcon 9 v1.2,284,True,0,0.0,,0.0,414850.0,Kerosene,24700.0,109500.0,Kerosene,4250.0,0.0,,0.0,0.0,,0.0,1875.0,
13,13,2020-013,22.32,20200218,-52.8,5.2,Ariane 5ECA,204,False,2,480000.0,Solid,31000.0,170000.0,Hydrogen,14700.0,14900.0,Hydrogen,4540.0,0.0,,0.0,0.0,,0.0,2675.0,
14,14,2020-014,21.12,20200219,102.0,28.2,Long March (CZ) 2D,158,False,0,0.0,,0.0,182000.0,Hypergolic,9500.0,52700.0,Hypergolic,4000.0,0.0,,0.0,0.0,,0.0,750.0,
15,15,2020-015,8.4,20200220,40.6,62.8,Soyuz-2-1A Fregat-M,9,False,4,156640.0,Kerosene,15136.0,90100.0,Kerosene,6545.0,22790.0,Kerosene,2410.0,5750.0,Hypergolic,960.0,0.0,,0.0,1800.0,
16,16,2020-016,4.8,20200307,-81.0,28.5,Falcon 9 v1.2,284,True,0,0.0,,0.0,414850.0,Kerosene,24700.0,109500.0,Kerosene,4250.0,0.0,,0.0,0.0,,0.0,1875.0,
17,17,2020-017,12.0,20200309,102.0,28.2,Long March (CZ) 3B,64,False,4,164400.0,Hypergolic,14200.0,186200.0,Hypergolic,11200.0,41000.0,Hypergolic,3924.0,18196.5,Hydrogen,2770.0,0.0,,0.0,1500.0,
18,18,2020-F02,13.68,20200316,111.0,19.6,Long March (CZ) 7A,98084,False,4,301000.0,Kerosene,24000.0,174000.0,Kerosene,12250.0,65000.0,Kerosene,5750.0,18200.0,Hydrogen,2740.0,0.0,,0.0,2500.0,
19,19,2020-018,18.479999999999997,20200316,40.6,62.8,Soyuz-2-1B Fregat-M,10,False,4,156640.0,Kerosene,15136.0,90100.0,Kerosene,6545.0,25400.0,Kerosene,2355.0,5750.0,Hypergolic,960.0,0.0,,0.0,1800.0,
20,20,2020-019,12.239999999999998,20200318,-81.0,28.5,Falcon 9 v1.2,284,True,0,0.0,,0.0,414850.0,Kerosene,24700.0,109500.0,Kerosene,4250.0,0.0,,0.0,0.0,,0.0,1875.0,
21,21,2020-020,17.040000000000003,20200321,63.4,45.6,Soyuz-2-1B Fregat-M,10,True,4,156640.0,Kerosene,15136.0,90100.0,Kerosene,6545.0,25400.0,Kerosene,2355.0,5750.0,Hypergolic,960.0,0.0,,0.0,1800.0,
22,22,2020-021,3.6,20200324,102.0,28.2,Long March (CZ) 2C,157,False,0,0.0,,0.0,162706.0,Hypergolic,10000.0,54667.0,Hypergolic,4000.0,0.0,,0.0,0.0,,0.0,800.0,
23,23,2020-022,20.4,20200326,-81.0,28.5,Atlas V 551,197,False,5,213150.0,Solid,18150.0,284089.0,Kerosene,21351.0,20800.0,Hydrogen,2030.0,0.0,,0.0,0.0,,0.0,3524.0,
24,24,2020-023,8.16,20200409,63.4,45.6,Soyuz-2-1A,237,False,4,156640.0,Kerosene,15136.0,90100.0,Kerosene,6545.0,22790.0,Kerosene,2410.0,0.0,,0.0,0.0,,0.0,1000.0,
25,25,2020-F03,11.76,20200409,102.0,28.2,Long March (CZ) 3B,64,False,4,164400.0,Hypergolic,14200.0,186200.0,Hypergolic,11200.0,41000.0,Hypergolic,3924.0,18196.5,Hydrogen,2770.0,0.0,,0.0,1500.0,
26,26,2020-024,4.08,20200422,55.333,36.201,Qased,98094,False,0,0.0,,0.0,14400.0,Solid,2700.0,1500.0,Solid,200.0,398.0,Solid,133.33333333333334,0.0,,0.0,100.0,
27,27,2020-025,19.44,20200422,-81.0,28.5,Falcon 9 v1.2,284,True,0,0.0,,0.0,414850.0,Kerosene,24700.0,109500.0,Kerosene,4250.0,0.0,,0.0,0.0,,0.0,1875.0,
28,28,2020-026,1.92,20200425,63.4,45.6,Soyuz-2-1A,237,False,4,156640.0,Kerosene,15136.0,90100.0,Kerosene,6545.0,22790.0,Kerosene,2410.0,0.0,,0.0,0.0,,0.0,1000.0,
29,29,2020-027,10.08,20200505,111.0,19.6,Long March (CZ) 5B,98090,False,4,574000.0,Kerosene,49000.0,158250.0,Hydrogen,17500.0,0.0,,0.0,0.0,,0.0,0.0,,0.0,2400.0,
30,30,2020-028,1.2,20200512,100.3,41.3,Kuaizhou-1,91718,False,0,0.0,,0.0,16000.0,Solid,621.0,8000.0,Solid,686.0,3000.0,Solid,183.0,1000.0,Hypergolic,200.0,1756.0,
31,31,2020-029,13.2,20200517,-81.0,28.5,Atlas V 501,192,False,0,0.0,,0.0,284089.0,Kerosene,21351.0,20800.0,Hydrogen,2030.0,0.0,,0.0,0.0,,0.0,3524.0,
32,32,2020-030,17.52,20200520,130.6,30.4,H-IIB,2,False,4,263800.0,Solid,42200.0,177800.0,Hydrogen,24200.0,16600.0,Hydrogen,3400.0,0.0,,0.0,0.0,,0.0,3200.0,
33,33,2020-031,7.44,20200522,40.6,62.8,Soyuz-2-1B Fregat-M,10,False,4,156640.0,Kerosene,15136.0,90100.0,Kerosene,6545.0,25400.0,Kerosene,2355.0,5750.0,Hypergolic,960.0,0.0,,0.0,1800.0,
34,34,2020-F04,19.92,20200525,118.1517,35.0594,LauncherOne,98410,False,0,0.0,,0.0,20000.0,Kerosene,3000.0,2750.0,Kerosene,250.0,0.0,,0.0,0.0,,0.0,100.0,
35,35,2020-032,20.16,20200529,102.0,28.2,Long March (CZ) 11,5,False,0,0.0,,0.0,35000.0,Solid,4770.0,6237.0,Solid,795.0,3915.0,Solid,403.5,776.1,Solid,152.55,300.0,Minotaur 1
36,36,2020-033,19.44,20200530,-81.0,28.5,Falcon 9 v1.2,284,False,0,0.0,,0.0,414850.0,Kerosene,24700.0,109500.0,Kerosene,4250.0,0.0,,0.0,0.0,,0.0,1875.0,
37,37,2020-034,8.88,20200531,100.3,41.3,Long March (CZ) 2D,158,False,0,0.0,,0.0,182000.0,Hypergolic,9500.0,52700.0,Hypergolic,4000.0,0.0,,0.0,0.0,,0.0,750.0,
38,38,2020-035,1.44,20200604,-81.0,28.5,Falcon 9 v1.2,284,True,0,0.0,,0.0,414850.0,Kerosene,24700.0,109500.0,Kerosene,4250.0,0.0,,0.0,0.0,,0.0,1875.0,
39,39,2020-036,18.479999999999997,20200610,111.5,37.8,Long March (CZ) 2C,157,False,0,0.0,,0.0,162706.0,Hypergolic,10000.0,54667.0,Hypergolic,4000.0,0.0,,0.0,0.0,,0.0,800.0,
40,40,2020-037,5.28,20200613,177.8655,-39.2609,Electron (Curie),91285,False,0,0.0,,0.0,9250.0,Kerosene,950.0,2100.0,Kerosene,250.0,245.0,Hypergolic,40.0,0.0,,0.0,44.0,
41,41,2020-038,9.36,20200613,-81.0,28.5,Falcon 9 v1.2,284,True,0,0.0,,0.0,414850.0,Kerosene,24700.0,109500.0,Kerosene,4250.0,0.0,,0.0,0.0,,0.0,1875.0,
42,42,2020-039,7.2,20200617,100.3,41.3,Long March (CZ) 2D,158,False,0,0.0,,0.0,182000.0,Hypergolic,9500.0,52700.0,Hypergolic,4000.0,0.0,,0.0,0.0,,0.0,750.0,
43,43,2020-040,1.68,20200623,102.0,28.2,Long March (CZ) 3B,64,False,4,164400.0,Hypergolic,14200.0,186200.0,Hypergolic,11200.0,41000.0,Hypergolic,3924.0,18196.5,Hydrogen,2770.0,0.0,,0.0,1500.0,
44,44,2020-041,20.16,20200630,-81.0,28.5,Falcon 9 v1.2,284,False,0,0.0,,0.0,414850.0,Kerosene,24700.0,109500.0,Kerosene,4250.0,0.0,,0.0,0.0,,0.0,1875.0,
45,45,2020-042,3.12,20200703,111.5,37.8,Long March (CZ) 4B,109,False,0,0.0,,0.0,183200.0,Hypergolic,9500.0,35550.0,Hypergolic,4000.0,14000.0,Hypergolic,2000.0,0.0,,0.0,1800.0,
46,46,2020-F05,21.360000000000003,20200704,177.8655,-39.2609,Electron (Curie),91285,False,0,0.0,,0.0,9250.0,Kerosene,950.0,2100.0,Kerosene,250.0,245.0,Hypergolic,40.0,0.0,,0.0,44.0,
47,47,2020-043,23.76,20200704,100.3,41.3,Long March (CZ) 2D,158,False,0,0.0,,0.0,182000.0,Hypergolic,9500.0,52700.0,Hypergolic,4000.0,0.0,,0.0,0.0,,0.0,750.0,
48,48,2020-044,0.96,20200706,34.7,31.9,Shavit,76,False,0,0.0,,0.0,12750.0,Solid,1240.0,12750.0,Solid,1376.0,1890.0,Solid,684.0,166.0,Hypergolic,71.0,57.0,
49,49,2020-045,12.239999999999998,20200709,102.0,28.2,Long March (CZ) 3B,64,False,4,164400.0,Hypergolic,14200.0,186200.0,Hypergolic,11200.0,41000.0,Hypergolic,3924.0,18196.5,Hydrogen,2770.0,0.0,,0.0,1500.0,
50,50,2020-F06,4.319999999999999,20200710,100.3,41.3,Kuaizhou-11,98654,False,0,0.0,,0.0,76000.0,Solid,7530.0,15075.0,Solid,1490.0,480.0,Solid,520.0,0.0,,0.0,1500.0,Long March (CZ) 6
51,51,2020-046,13.68,20200715,-75.46,37.85,Minotaur-4,252,False,0,0.0,,0.0,45385.0,Solid,3610.0,24495.0,Solid,3190.0,7075.0,Solid,645.0,770.0,Solid,256.0,425.0,
52,52,2020-047,22.08,20200719,130.6,30.4,H-IIA 202,190,False,2,130000.0,Solid,21000.0,101100.0,Hydrogen,12900.0,16900.0,Hydrogen,3100.0,0.0,,0.0,0.0,,0.0,1400.0,
53,53,2020-048,21.6,20200720,-81.0,28.5,Falcon 9 v1.2,284,False,0,0.0,,0.0,414850.0,Kerosene,24700.0,109500.0,Kerosene,4250.0,0.0,,0.0,0.0,,0.0,1875.0,
54,54,2020-049,4.8,20200723,111.0,19.6,Long March (CZ) 5,88066,False,4,574000.0,Kerosene,49000.0,158250.0,Hydrogen,17500.0,24700.0,Hydrogen,3460.0,0.0,,0.0,0.0,,0.0,3000.0,
55,55,2020-050,14.4,20200723,63.4,45.6,Soyuz-2-1A,237,False,4,156640.0,Kerosene,15136.0,90100.0,Kerosene,6545.0,22790.0,Kerosene,2410.0,0.0,,0.0,0.0,,0.0,1000.0,
56,56,2020-051,3.12,20200725,111.5,37.8,Long March (CZ) 4B,109,False,0,0.0,,0.0,183200.0,Hypergolic,9500.0,35550.0,Hypergolic,4000.0,14000.0,Hypergolic,2000.0,0.0,,0.0,1800.0,
57,57,2020-052,11.76,20200730,-81.0,28.5,Atlas V 541,196,False,4,170520.0,Solid,14520.0,284089.0,Kerosene,21351.0,20800.0,Hydrogen,2030.0,0.0,,0.0,0.0,,0.0,3524.0,
58,58,2020-053,21.360000000000003,20200730,63.4,45.6,Proton-M/Briz-M,7,False,0,0.0,,0.0,428300.0,Hypergolic,30600.0,157300.0,Hypergolic,11000.0,46562.0,Hypergolic,3500.0,19800.0,Hypergolic,2370.0,2000.0,
59,59,2020-054,4.08,20200806,100.3,41.3,Long March (CZ) 2D,158,False,0,0.0,,0.0,182000.0,Hypergolic,9500.0,52700.0,Hypergolic,4000.0,0.0,,0.0,0.0,,0.0,750.0,
60,60,2020-055,5.28,20200807,-81.0,28.5,Falcon 9 v1.2,284,True,0,0.0,,0.0,414850.0,Kerosene,24700.0,109500.0,Kerosene,4250.0,0.0,,0.0,0.0,,0.0,1875.0,
61,61,2020-056,22.08,20200815,-52.8,5.2,Ariane 5ECA,204,False,2,480000.0,Solid,31000.0,170000.0,Hydrogen,14700.0,14900.0,Hydrogen,4540.0,0.0,,0.0,0.0,,0.0,2675.0,
62,62,2020-057,14.4,20200818,-81.0,28.5,Falcon 9 v1.2,284,True,0,0.0,,0.0,414850.0,Kerosene,24700.0,109500.0,Kerosene,4250.0,0.0,,0.0,0.0,,0.0,1875.0,
63,63,2020-058,2.4,20200823,100.3,41.3,Long March (CZ) 2D,158,False,0,0.0,,0.0,182000.0,Hypergolic,9500.0,52700.0,Hypergolic,4000.0,0.0,,0.0,0.0,,0.0,750.0,
64,64,2020-059,23.279999999999998,20200830,-81.0,28.5,Falcon 9 v1.2,284,False,0,0.0,,0.0,414850.0,Kerosene,24700.0,109500.0,Kerosene,4250.0,0.0,,0.0,0.0,,0.0,1875.0,
65,65,2020-060,3.12,20200831,177.8655,-39.2609,Electron (Curie),91285,False,0,0.0,,0.0,9250.0,Kerosene,950.0,2100.0,Kerosene,250.0,245.0,Hypergolic,40.0,0.0,,0.0,44.0,
66,66,2020-061,1.92,20200903,-52.8,5.2,Vega,282,False,0,0.0,,0.0,87710.0,Solid,8533.0,23814.0,Solid,2486.0,10567.0,Solid,1433.0,577.0,Hypergolic,688.0,540.0,
67,67,2020-062,12.72,20200903,-81.0,28.5,Falcon 9 v1.2,284,True,0,0.0,,0.0,414850.0,Kerosene,24700.0,109500.0,Kerosene,4250.0,0.0,,0.0,0.0,,0.0,1875.0,
68,68,2020-063,7.44,20200904,100.3,41.3,Long March (CZ) 2F,108,False,4,157200.0,Hypergolic,12400.0,186750.0,Hypergolic,11000.0,88750.0,Hypergolic,5500.0,0.0,,0.0,0.0,,0.0,6000.0,
69,69,2020-064,6.0,20200907,111.5,37.8,Long March (CZ) 4B,109,False,0,0.0,,0.0,183200.0,Hypergolic,9500.0,35550.0,Hypergolic,4000.0,14000.0,Hypergolic,2000.0,0.0,,0.0,1800.0,
70,70,2020-F07,3.36,20200912,-152.2,57.6,Astra Rocket 3,99082,False,0,0.0,,0.0,9250.0,Kerosene,950.0,2100.0,Kerosene,250.0,0.0,,0.0,0.0,,0.0,44.0,Electron
71,71,2020-F08,5.04,20200912,100.3,41.3,Kuaizhou-1,91718,False,0,0.0,,0.0,16000.0,Solid,621.0,8000.0,Solid,686.0,3000.0,Solid,183.0,1000.0,Hypergolic,200.0,1756.0,
72,72,2020-065,1.44,20200915,,,Long March (CZ) 11,5,False,0,0.0,,0.0,35000.0,Solid,4770.0,6237.0,Solid,795.0,3915.0,Solid,403.5,776.1,Solid,152.55,300.0,Minotaur 1
73,73,2020-066,5.76,20200921,100.3,41.3,Long March (CZ) 4B,109,False,0,0.0,,0.0,183200.0,Hypergolic,9500.0,35550.0,Hypergolic,4000.0,14000.0,Hypergolic,2000.0,0.0,,0.0,1800.0,
74,74,2020-067,3.36,20200927,111.5,37.8,Long March (CZ) 4B,109,False,0,0.0,,0.0,183200.0,Hypergolic,9500.0,35550.0,Hypergolic,4000.0,14000.0,Hypergolic,2000.0,0.0,,0.0,1800.0,
75,75,2020-068,11.280000000000001,20200928,40.6,62.8,Soyuz-2-1B Fregat-M,10,False,4,156640.0,Kerosene,15136.0,90100.0,Kerosene,6545.0,25400.0,Kerosene,2355.0,5750.0,Hypergolic,960.0,0.0,,0.0,1800.0,
76,76,2020-069,1.2,20201003,-75.46,37.85,Antares 230,278,False,0,0.0,,0.0,242200.0,Kerosene,19700.0,24924.0,Solid,1392.0,0.0,,0.0,0.0,,0.0,971.0,
77,77,2020-070,11.520000000000001,20201006,-81.0,28.5,Falcon 9 v1.2,284,True,0,0.0,,0.0,414850.0,Kerosene,24700.0,109500.0,Kerosene,4250.0,0.0,,0.0,0.0,,0.0,1875.0,
78,78,2020-071,17.040000000000003,20201011,102.0,28.2,Long March (CZ) 3B,64,False,4,164400.0,Hypergolic,14200.0,186200.0,Hypergolic,11200.0,41000.0,Hypergolic,3924.0,18196.5,Hydrogen,2770.0,0.0,,0.0,1500.0,
79,79,2020-072,5.76,20201014,63.4,45.6,Soyuz-2-1A,237,False,4,156640.0,Kerosene,15136.0,90100.0,Kerosene,6545.0,22790.0,Kerosene,2410.0,0.0,,0.0,0.0,,0.0,1000.0,
80,80,2020-073,12.48,20201018,-81.0,28.5,Falcon 9 v1.2,284,True,0,0.0,,0.0,414850.0,Kerosene,24700.0,109500.0,Kerosene,4250.0,0.0,,0.0,0.0,,0.0,1875.0,
81,81,2020-074,15.6,20201024,-81.0,28.5,Falcon 9 v1.2,284,True,0,0.0,,0.0,414850.0,Kerosene,24700.0,109500.0,Kerosene,4250.0,0.0,,0.0,0.0,,0.0,1875.0,
82,82,2020-075,19.2,20201025,40.6,62.8,Soyuz-2-1B Fregat-M,10,False,4,156640.0,Kerosene,15136.0,90100.0,Kerosene,6545.0,25400.0,Kerosene,2355.0,5750.0,Hypergolic,960.0,0.0,,0.0,1800.0,
83,83,2020-076,15.36,20201026,102.0,28.2,Long March (CZ) 2C,157,False,0,0.0,,0.0,162706.0,Hypergolic,10000.0,54667.0,Hypergolic,4000.0,0.0,,0.0,0.0,,0.0,800.0,
84,84,2020-077,21.360000000000003,20201028,177.8655,-39.2609,Electron (Curie),91285,False,0,0.0,,0.0,9250.0,Kerosene,950.0,2100.0,Kerosene,250.0,245.0,Hypergolic,40.0,0.0,,0.0,44.0,
85,85,2020-078,23.52,20201105,-81.0,28.5,Falcon 9 v1.2,284,False,0,0.0,,0.0,414850.0,Kerosene,24700.0,109500.0,Kerosene,4250.0,0.0,,0.0,0.0,,0.0,1875.0,
86,86,2020-079,3.36,20201106,111.5,37.8,Long March (CZ) 6,75,False,0,0.0,,0.0,76000.0,Kerosene,7530.0,15075.0,Kerosene,1490.0,480.0,Kerosene,520.0,0.0,,0.0,1500.0,
87,87,2020-080,7.2,20201107,100.3,41.3,Ceres-1,99915,False,0,0.0,,0.0,12750.0,Solid,1240.0,12750.0,Solid,1376.0,1890.0,Solid,684.0,166.0,Hypergolic,71.0,57.0,Shavit
88,88,2020-081,9.6,20201107,80.4,13.9,PSLV-DL,91880,False,2,24400.0,Solid,4710.0,138600.0,Solid,30100.0,41500.0,Hypergolic,5350.0,7625.0,Solid,900.0,2250.0,Hypergolic,670.0,1125.0,
89,89,2020-082,16.08,20201112,102.0,28.2,Long March (CZ) 3B,64,False,4,164400.0,Hypergolic,14200.0,186200.0,Hypergolic,11200.0,41000.0,Hypergolic,3924.0,18196.5,Hydrogen,2770.0,0.0,,0.0,1500.0,
90,90,2020-083,22.560000000000002,20201113,-81.0,28.5,Atlas V 531 v2020,195,False,3,132600.0,Solid,15300.0,284089.0,Kerosene,21351.0,20800.0,Hydrogen,2030.0,0.0,,0.0,0.0,,0.0,3524.0,
91,91,2020-084,0.48,20201116,-81.0,28.5,Falcon 9 v1.2,284,False,0,0.0,,0.0,414850.0,Kerosene,24700.0,109500.0,Kerosene,4250.0,0.0,,0.0,0.0,,0.0,1875.0,
92,92,2020-F09,1.92,20201117,-52.8,5.2,Vega,282,False,0,0.0,,0.0,87710.0,Solid,8533.0,23814.0,Solid,2486.0,10567.0,Solid,1433.0,577.0,Hypergolic,688.0,540.0,
93,93,2020-085,2.4,20201120,177.8655,-39.2609,Electron (Curie),91285,False,0,0.0,,0.0,9250.0,Kerosene,950.0,2100.0,Kerosene,250.0,245.0,Hypergolic,40.0,0.0,,0.0,44.0,
94,94,2020-086,17.279999999999998,20201121,-120.6,34.7,Falcon 9 v1.2,284,False,0,0.0,,0.0,414850.0,Kerosene,24700.0,109500.0,Kerosene,4250.0,0.0,,0.0,0.0,,0.0,1875.0,
95,95,2020-087,20.4,20201123,111.0,19.6,Long March (CZ) 5,88066,False,4,574000.0,Kerosene,49000.0,158250.0,Hydrogen,17500.0,24700.0,Hydrogen,3460.0,0.0,,0.0,0.0,,0.0,3000.0,
96,96,2020-088,2.1599999999999997,20201125,-81.0,28.5,Falcon 9 v1.2,284,True,0,0.0,,0.0,414850.0,Kerosene,24700.0,109500.0,Kerosene,4250.0,0.0,,0.0,0.0,,0.0,1875.0,
97,97,2020-089,7.44,20201129,130.6,30.4,H-IIA 202,190,False,2,130000.0,Solid,21000.0,101100.0,Hydrogen,12900.0,16900.0,Hydrogen,3100.0,0.0,,0.0,0.0,,0.0,1400.0,
98,98,2020-090,1.44,20201202,-52.8,5.2,Soyuz-ST-A Fregat-M,91815,False,4,156640.0,Kerosene,15136.0,90100.0,Kerosene,6545.0,22830.0,Kerosene,2470.0,5750.0,Hypergolic,960.0,0.0,,0.0,1700.0,
99,99,2020-091,1.2,20201203,40.6,62.8,Soyuz-2-1B Fregat,262,False,4,156640.0,Kerosene,15136.0,90100.0,Kerosene,6545.0,25400.0,Kerosene,2355.0,5350.0,Hypergolic,1000.0,0.0,,0.0,1800.0,
100,100,2020-092,4.08,20201206,102.0,28.2,Long March (CZ) 3B,64,False,4,164400.0,Hypergolic,14200.0,186200.0,Hypergolic,11200.0,41000.0,Hypergolic,3924.0,18196.5,Hydrogen,2770.0,0.0,,0.0,1500.0,
101,101,2020-093,16.32,20201206,-81.0,28.5,Falcon 9 v1.2,284,False,0,0.0,,0.0,414850.0,Kerosene,24700.0,109500.0,Kerosene,4250.0,0.0,,0.0,0.0,,0.0,1875.0,
102,102,2020-094,20.16,20201209,102.0,28.2,Long March (CZ) 11,5,False,0,0.0,,0.0,35000.0,Solid,4770.0,6237.0,Solid,795.0,3915.0,Solid,403.5,776.1,Solid,152.55,300.0,Minotaur 1
103,103,2020-095,1.2,20201211,-81.0,28.5,Delta 4H,203,False,2,406000.0,Hydrogen,54400.0,203000.0,Hydrogen,27200.0,27200.0,Hydrogen,3420.0,0.0,,0.0,0.0,,0.0,3550.0,
104,104,2020-096,17.52,20201213,-81.0,28.5,Falcon 9 v1.2,284,False,0,0.0,,0.0,414850.0,Kerosene,24700.0,109500.0,Kerosene,4250.0,0.0,,0.0,0.0,,0.0,1875.0,
105,105,2020-097,5.76,20201214,40.6,62.8,Angara A5,130,False,4,530400.0,Kerosene,39200.0,132600.0,Kerosene,9800.0,35800.0,Kerosene,4000.0,19800.0,Hypergolic,2370.0,0.0,,0.0,1600.0,
106,106,2020-098,10.08,20201215,177.8655,-39.2609,Electron (Curie),91285,False,0,0.0,,0.0,9250.0,Kerosene,950.0,2100.0,Kerosene,250.0,245.0,Hypergolic,40.0,0.0,,0.0,44.0,
107,107,2020-F10,20.88,20201215,-152.2,57.6,Astra Rocket 3,99082,False,0,0.0,,0.0,9250.0,Kerosene,950.0,2100.0,Kerosene,250.0,0.0,,0.0,0.0,,0.0,44.0,Electron
108,108,2020-099,10.08,20201217,80.4,13.9,PSLV-XL,249,False,6,73200.0,Solid,14130.0,138600.0,Solid,30100.0,41500.0,Hypergolic,5350.0,7625.0,Solid,900.0,2250.0,Hypergolic,670.0,1125.0,
109,109,2020-100,12.48,20201218,128.333,51.883,Soyuz-2-1B Fregat,262,True,4,156640.0,Kerosene,15136.0,90100.0,Kerosene,6545.0,25400.0,Kerosene,2355.0,5350.0,Hypergolic,1000.0,0.0,,0.0,1800.0,
110,110,2020-101,13.92,20201219,-81.0,28.5,Falcon 9 v1.2,284,False,0,0.0,,0.0,414850.0,Kerosene,24700.0,109500.0,Kerosene,4250.0,0.0,,0.0,0.0,,0.0,1875.0,
111,111,2020-102,4.56,20201222,111.0,19.6,Long March (CZ) 8,102354,False,2,151000.0,Kerosene,12000.0,174000.0,Kerosene,12500.0,18199.0,Hydrogen,2740.0,0.0,,0.0,0.0,,0.0,2500.0,
112,112,2020-103,15.84,20201227,100.3,41.3,Long March (CZ) 4C,247,False,0,0.0,,0.0,183200.0,Hypergolic,9500.0,35550.0,Hypergolic,4000.0,14000.0,Hypergolic,2000.0,0.0,,0.0,1800.0,
113,113,2020-104,16.8,20201229,-52.8,5.2,Soyuz-ST-A Fregat-M,91815,False,4,156640.0,Kerosene,15136.0,90100.0,Kerosene,6545.0,22830.0,Kerosene,2470.0,5750.0,Hypergolic,960.0,0.0,,0.0,1700.0,
114,114,2021-001,2.1599999999999997,20210108,-81.0,28.5,Falcon 9 v1.2,284,False,0,0.0,,0.0,414850.0,Kerosene,24700.0,109500.0,Kerosene,4250.0,0.0,,0.0,0.0,,0.0,1875.0,
115,115,2021-002,19.68,20210117,118.1517,35.0594,LauncherOne,98410,False,0,0.0,,0.0,20000.0,Kerosene,3000.0,2750.0,Kerosene,250.0,0.0,,0.0,0.0,,0.0,100.0,
116,116,2021-003,16.32,20210119,102.0,28.2,Long March (CZ) 3B,64,False,4,164400.0,Hypergolic,14200.0,186200.0,Hypergolic,11200.0,41000.0,Hypergolic,3924.0,18196.5,Hydrogen,2770.0,0.0,,0.0,1500.0,
117,117,2021-004,7.44,20210120,177.8655,-39.2609,Electron (Curie),91285,False,0,0.0,,0.0,9250.0,Kerosene,950.0,2100.0,Kerosene,250.0,245.0,Hypergolic,40.0,0.0,,0.0,44.0,
118,118,2021-005,12.959999999999999,20210120,-81.0,28.5,Falcon 9 v1.2,284,True,0,0.0,,0.0,414850.0,Kerosene,24700.0,109500.0,Kerosene,4250.0,0.0,,0.0,0.0,,0.0,1875.0,
119,119,2021-006,14.88,20210124,-81.0,28.5,Falcon 9 v1.2,284,True,0,0.0,,0.0,414850.0,Kerosene,24700.0,109500.0,Kerosene,4250.0,0.0,,0.0,0.0,,0.0,1875.0,
120,120,2021-007,4.8,20210129,100.3,41.3,Long March (CZ) 4C,247,False,0,0.0,,0.0,183200.0,Hypergolic,9500.0,35550.0,Hypergolic,4000.0,14000.0,Hypergolic,2000.0,0.0,,0.0,1800.0,
121,121,2021-F01,8.16,20210201,100.3,41.3,Shuang Quxian-1,92490,False,0,0.0,,0.0,14356.0,Solid,1744.0,8776.0,Solid,974.0,2618.0,Solid,282.0,1050.0,Solid,300.0,1756.0,
122,122,2021-008,20.64,20210202,40.6,62.8,Soyuz-2-1B,239,False,4,156640.0,Kerosene,15136.0,90100.0,Kerosene,6545.0,21640.0,Kerosene,2710.0,0.0,,0.0,0.0,,0.0,1000.0,
123,123,2021-009,6.24,20210204,-81.0,28.5,Falcon 9 v1.2,284,True,0,0.0,,0.0,414850.0,Kerosene,24700.0,109500.0,Kerosene,4250.0,0.0,,0.0,0.0,,0.0,1875.0,
124,124,2021-010,15.6,20210204,102.0,28.2,Long March (CZ) 3B,64,False,4,164400.0,Hypergolic,14200.0,186200.0,Hypergolic,11200.0,41000.0,Hypergolic,3924.0,18196.5,Hydrogen,2770.0,0.0,,0.0,1500.0,
125,125,2021-011,4.8,20210215,63.4,45.6,Soyuz-2-1A,237,False,4,156640.0,Kerosene,15136.0,90100.0,Kerosene,6545.0,22790.0,Kerosene,2410.0,0.0,,0.0,0.0,,0.0,1000.0,
126,126,2021-012,4.08,20210216,-81.0,28.5,Falcon 9 v1.2,284,True,0,0.0,,0.0,414850.0,Kerosene,24700.0,109500.0,Kerosene,4250.0,0.0,,0.0,0.0,,0.0,1875.0,
127,127,2021-013,17.52,20210220,-75.46,37.85,Antares 230,278,False,0,0.0,,0.0,242200.0,Kerosene,19700.0,24924.0,Solid,1392.0,0.0,,0.0,0.0,,0.0,971.0,
128,128,2021-014,2.4,20210224,100.3,41.3,Long March (CZ) 4C,247,False,0,0.0,,0.0,183200.0,Hypergolic,9500.0,35550.0,Hypergolic,4000.0,14000.0,Hypergolic,2000.0,0.0,,0.0,1800.0,
129,129,2021-015,4.8,20210228,80.4,13.9,PSLV-DL,91880,False,2,24400.0,Solid,4710.0,138600.0,Solid,30100.0,41500.0,Hypergolic,5350.0,7625.0,Solid,900.0,2250.0,Hypergolic,670.0,1125.0,
130,130,2021-016,6.96,20210228,63.4,45.6,Soyuz-2-1B Fregat,262,False,4,156640.0,Kerosene,15136.0,90100.0,Kerosene,6545.0,25400.0,Kerosene,2355.0,5350.0,Hypergolic,1000.0,0.0,,0.0,1800.0,
131,131,2021-017,8.4,20210304,-81.0,28.5,Falcon 9 v1.2,284,True,0,0.0,,0.0,414850.0,Kerosene,24700.0,109500.0,Kerosene,4250.0,0.0,,0.0,0.0,,0.0,1875.0,
132,132,2021-018,8.16,20210311,-81.0,28.5,Falcon 9 v1.2,284,True,0,0.0,,0.0,414850.0,Kerosene,24700.0,109500.0,Kerosene,4250.0,0.0,,0.0,0.0,,0.0,1875.0,
133,133,2021-019,17.76,20210311,111.0,19.6,Long March (CZ) 7A,98084,False,4,301000.0,Kerosene,24000.0,174000.0,Kerosene,12250.0,65000.0,Kerosene,5750.0,18200.0,Hydrogen,2740.0,0.0,,0.0,2500.0,
134,134,2021-020,2.4,20210313,100.3,41.3,Long March (CZ) 4C,247,False,0,0.0,,0.0,183200.0,Hypergolic,9500.0,35550.0,Hypergolic,4000.0,14000.0,Hypergolic,2000.0,0.0,,0.0,1800.0,
135,135,2021-021,10.08,20210314,-81.0,28.5,Falcon 9 v1.2,284,True,0,0.0,,0.0,414850.0,Kerosene,24700.0,109500.0,Kerosene,4250.0,0.0,,0.0,0.0,,0.0,1875.0,
136,136,2021-022,6.0,20210322,63.4,45.6,Soyuz-2-1A Fregat,261,False,4,156640.0,Kerosene,15136.0,90100.0,Kerosene,6545.0,22790.0,Kerosene,2410.0,5350.0,Hypergolic,1000.0,0.0,,0.0,1800.0,
137,137,2021-023,22.560000000000002,20210322,177.8655,-39.2609,Electron (Curie),91285,False,0,0.0,,0.0,9250.0,Kerosene,950.0,2100.0,Kerosene,250.0,245.0,Hypergolic,40.0,0.0,,0.0,44.0,
138,138,2021-024,8.4,20210324,-81.0,28.5,Falcon 9 v1.2,284,True,0,0.0,,0.0,414850.0,Kerosene,24700.0,109500.0,Kerosene,4250.0,0.0,,0.0,0.0,,0.0,1875.0,
139,139,2021-025,2.88,20210325,128.333,51.883,Soyuz-2-1B Fregat,262,True,4,156640.0,Kerosene,15136.0,90100.0,Kerosene,6545.0,25400.0,Kerosene,2355.0,5350.0,Hypergolic,1000.0,0.0,,0.0,1800.0,
140,140,2021-026,22.8,20210330,100.3,41.3,Long March (CZ) 4C,247,False,0,0.0,,0.0,183200.0,Hypergolic,9500.0,35550.0,Hypergolic,4000.0,14000.0,Hypergolic,2000.0,0.0,,0.0,1800.0,
141,141,2021-027,16.560000000000002,20210407,-81.0,28.5,Falcon 9 v1.2,284,True,0,0.0,,0.0,414850.0,Kerosene,24700.0,109500.0,Kerosene,4250.0,0.0,,0.0,0.0,,0.0,1875.0,
142,142,2021-028,23.040000000000003,20210408,111.5,37.8,Long March (CZ) 4B,109,False,0,0.0,,0.0,183200.0,Hypergolic,9500.0,35550.0,Hypergolic,4000.0,14000.0,Hypergolic,2000.0,0.0,,0.0,1800.0,
143,143,2021-029,7.680000000000001,20210409,63.4,45.6,Soyuz-2-1A,237,False,4,156640.0,Kerosene,15136.0,90100.0,Kerosene,6545.0,22790.0,Kerosene,2410.0,0.0,,0.0,0.0,,0.0,1000.0,
144,144,2021-030,9.84,20210423,-81.0,28.5,Falcon 9 v1.2,284,False,0,0.0,,0.0,414850.0,Kerosene,24700.0,109500.0,Kerosene,4250.0,0.0,,0.0,0.0,,0.0,1875.0,
145,145,2021-031,22.32,20210425,128.333,51.883,Soyuz-2-1B Fregat,262,True,4,156640.0,Kerosene,15136.0,90100.0,Kerosene,6545.0,25400.0,Kerosene,2355.0,5350.0,Hypergolic,1000.0,0.0,,0.0,1800.0,
146,146,2021-032,20.88,20210426,-120.6,34.7,Delta 4H,203,False,2,406000.0,Hydrogen,54400.0,203000.0,Hydrogen,27200.0,27200.0,Hydrogen,3420.0,0.0,,0.0,0.0,,0.0,3550.0,
147,147,2021-033,3.36,20210427,111.5,37.8,Long March (CZ) 6,75,False,0,0.0,,0.0,76000.0,Kerosene,7530.0,15075.0,Kerosene,1490.0,480.0,Kerosene,520.0,0.0,,0.0,1500.0,
148,148,2021-034,1.92,20210429,-52.8,5.2,Vega,282,False,0,0.0,,0.0,87710.0,Solid,8533.0,23814.0,Solid,2486.0,10567.0,Solid,1433.0,577.0,Hypergolic,688.0,540.0,
149,149,2021-035,3.36,20210429,111.0,19.6,Long March (CZ) 5B,98090,False,4,574000.0,Kerosene,49000.0,158250.0,Hydrogen,17500.0,0.0,,0.0,0.0,,0.0,0.0,,0.0,2400.0,
150,150,2021-036,3.8400000000000003,20210429,-81.0,28.5,Falcon 9 v1.2,284,True,0,0.0,,0.0,414850.0,Kerosene,24700.0,109500.0,Kerosene,4250.0,0.0,,0.0,0.0,,0.0,1875.0,
151,151,2021-037,7.44,20210430,100.3,41.3,Long March (CZ) 4C,247,False,0,0.0,,0.0,183200.0,Hypergolic,9500.0,35550.0,Hypergolic,4000.0,14000.0,Hypergolic,2000.0,0.0,,0.0,1800.0,
152,152,2021-038,18.96,20210504,-81.0,28.5,Falcon 9 v1.2,284,True,0,0.0,,0.0,414850.0,Kerosene,24700.0,109500.0,Kerosene,4250.0,0.0,,0.0,0.0,,0.0,1875.0,
153,153,2021-039,18.240000000000002,20210506,102.0,28.2,Long March (CZ) 2C,157,False,0,0.0,,0.0,162706.0,Hypergolic,10000.0,54667.0,Hypergolic,4000.0,0.0,,0.0,0.0,,0.0,800.0,
154,154,2021-040,6.72,20210509,-81.0,28.5,Falcon 9 v1.2,284,True,0,0.0,,0.0,414850.0,Kerosene,24700.0,109500.0,Kerosene,4250.0,0.0,,0.0,0.0,,0.0,1875.0,
155,155,2021-F02,11.280000000000001,20210515,177.8655,-39.2609,Electron (Curie),91285,False,0,0.0,,0.0,9250.0,Kerosene,950.0,2100.0,Kerosene,250.0,245.0,Hypergolic,40.0,0.0,,0.0,44.0,
156,156,2021-041,23.040000000000003,20210515,-81.0,28.5,Falcon 9 v1.2,284,True,0,0.0,,0.0,414850.0,Kerosene,24700.0,109500.0,Kerosene,4250.0,0.0,,0.0,0.0,,0.0,1875.0,
157,157,2021-042,17.52,20210518,-81.0,28.5,Atlas V 421 v2021,242,False,2,88400.0,Solid,10200.0,284089.0,Kerosene,21054.0,20800.0,Hydrogen,2028.0,0.0,,0.0,0.0,,0.0,2305.0,
158,158,2021-043,4.08,20210519,100.3,41.3,Long March (CZ) 4B,109,False,0,0.0,,0.0,183200.0,Hypergolic,9500.0,35550.0,Hypergolic,4000.0,14000.0,Hypergolic,2000.0,0.0,,0.0,1800.0,
159,159,2021-044,18.96,20210526,-81.0,28.5,Falcon 9 v1.2,284,True,0,0.0,,0.0,414850.0,Kerosene,24700.0,109500.0,Kerosene,4250.0,0.0,,0.0,0.0,,0.0,1875.0,
160,160,2021-045,17.76,20210528,128.333,51.883,Soyuz-2-1B Fregat,262,True,4,156640.0,Kerosene,15136.0,90100.0,Kerosene,6545.0,25400.0,Kerosene,2355.0,5350.0,Hypergolic,1000.0,0.0,,0.0,1800.0,
161,161,2021-046,12.959999999999999,20210529,111.0,19.6,Long March (CZ) 7,275,False,4,301000.0,Kerosene,24000.0,174000.0,Kerosene,12250.0,65000.0,Kerosene,5750.0,0.0,,0.0,0.0,,0.0,2800.0,
162,162,2021-047,16.32,20210602,102.0,28.2,Long March (CZ) 3B,64,False,4,164400.0,Hypergolic,14200.0,186200.0,Hypergolic,11200.0,41000.0,Hypergolic,3924.0,18196.5,Hydrogen,2770.0,0.0,,0.0,1500.0,
163,163,2021-048,17.52,20210603,-81.0,28.5,Falcon 9 v1.2,284,False,0,0.0,,0.0,414850.0,Kerosene,24700.0,109500.0,Kerosene,4250.0,0.0,,0.0,0.0,,0.0,1875.0,
164,164,2021-049,4.319999999999999,20210606,-81.0,28.5,Falcon 9 v1.2,284,False,0,0.0,,0.0,414850.0,Kerosene,24700.0,109500.0,Kerosene,4250.0,0.0,,0.0,0.0,,0.0,1875.0,
165,165,2021-050,3.12,20210611,111.5,37.8,Long March (CZ) 2D,158,False,0,0.0,,0.0,182000.0,Hypergolic,9500.0,52700.0,Hypergolic,4000.0,0.0,,0.0,0.0,,0.0,750.0,
166,166,2021-F03,0.0,20210612,53.920601,35.234338,Simorgh,88324,False,0,0.0,,0.0,63000.0,Hypergolic,12700.0,8000.0,Hypergolic,1600.0,185.0,Solid,230.0,0.0,,0.0,120.0,
167,167,2021-051,8.16,20210613,-120.6,34.7,Pegasus XL,164,False,0,0.0,,0.0,15032.0,Solid,1386.0,3923.0,Solid,416.0,770.0,Solid,108.0,0.0,,0.0,1756.0,
168,168,2021-052,13.68,20210615,-75.46,37.85,Minotaur 1,227,False,0,0.0,,0.0,20785.0,Solid,2292.0,6237.0,Solid,795.0,3915.0,Solid,403.5,776.1,Solid,152.55,300.0,
169,169,2021-053,1.44,20210617,100.3,41.3,Long March (CZ) 2F,108,False,4,157200.0,Hypergolic,12400.0,186750.0,Hypergolic,11000.0,88750.0,Hypergolic,5500.0,0.0,,0.0,0.0,,0.0,6000.0,
170,170,2021-054,16.08,20210617,-81.0,28.5,Falcon 9 v1.2,284,False,0,0.0,,0.0,414850.0,Kerosene,24700.0,109500.0,Kerosene,4250.0,0.0,,0.0,0.0,,0.0,1875.0,
171,171,2021-055,6.48,20210618,102.0,28.2,Long March (CZ) 2C,157,False,0,0.0,,0.0,162706.0,Hypergolic,10000.0,54667.0,Hypergolic,4000.0,0.0,,0.0,0.0,,0.0,800.0,
172,172,2021-F04,0.0,20210623,53.920601,35.234338,Simorgh,88324,False,0,0.0,,0.0,63000.0,Hypergolic,12700.0,8000.0,Hypergolic,1600.0,185.0,Solid,230.0,0.0,,0.0,120.0,
173,173,2021-056,19.92,20210625,40.6,62.8,Soyuz-2-1B,239,False,4,156640.0,Kerosene,15136.0,90100.0,Kerosene,6545.0,21640.0,Kerosene,2710.0,0.0,,0.0,0.0,,0.0,1000.0,
174,174,2021-057,23.52,20210629,63.4,45.6,Soyuz-2-1A,237,False,4,156640.0,Kerosene,15136.0,90100.0,Kerosene,6545.0,22790.0,Kerosene,2410.0,0.0,,0.0,0.0,,0.0,1000.0,
175,175,2021-058,14.88,20210630,118.1517,35.0594,LauncherOne,98410,False,0,0.0,,0.0,20000.0,Kerosene,3000.0,2750.0,Kerosene,250.0,0.0,,0.0,0.0,,0.0,100.0,
176,176,2021-059,19.44,20210630,-81.0,28.5,Falcon 9 v1.2,284,True,0,0.0,,0.0,414850.0,Kerosene,24700.0,109500.0,Kerosene,4250.0,0.0,,0.0,0.0,,0.0,1875.0,
177,177,2021-060,12.72,20210701,128.333,51.883,Soyuz-2-1B Fregat,262,True,4,156640.0,Kerosene,15136.0,90100.0,Kerosene,6545.0,25400.0,Kerosene,2355.0,5350.0,Hypergolic,1000.0,0.0,,0.0,1800.0,
178,178,2021-061,2.88,20210703,111.5,37.8,Long March (CZ) 2D,158,False,0,0.0,,0.0,182000.0,Hypergolic,9500.0,52700.0,Hypergolic,4000.0,0.0,,0.0,0.0,,0.0,750.0,
179,179,2021-062,23.52,20210704,100.3,41.3,Long March (CZ) 4C,247,False,0,0.0,,0.0,183200.0,Hypergolic,9500.0,35550.0,Hypergolic,4000.0,14000.0,Hypergolic,2000.0,0.0,,0.0,1800.0,
180,180,2021-063,15.84,20210706,102.0,28.2,Long March (CZ) 3C,245,False,2,82200.0,Hypergolic,7100.0,186200.0,Hypergolic,11200.0,41000.0,Hypergolic,3924.0,18196.5,Hydrogen,2770.0,0.0,,0.0,1500.0,
181,181,2021-064,12.0,20210709,111.5,37.8,Long March (CZ) 6,75,False,0,0.0,,0.0,76000.0,Kerosene,7530.0,15075.0,Kerosene,1490.0,480.0,Kerosene,520.0,0.0,,0.0,1500.0,
182,182,2021-065,0.24,20210719,102.0,28.2,Long March (CZ) 2C,157,False,0,0.0,,0.0,162706.0,Hypergolic,10000.0,54667.0,Hypergolic,4000.0,0.0,,0.0,0.0,,0.0,800.0,
183,183,2021-066,14.88,20210721,63.4,45.6,Proton-M,105782,False,0,0.0,,0.0,428300.0,Hypergolic,30600.0,157300.0,Hypergolic,11000.0,46562.0,Hypergolic,3500.0,0.0,,0.0,2000.0,
184,184,2021-067,4.08,20210729,100.3,41.3,Long March (CZ) 2D,158,False,0,0.0,,0.0,182000.0,Hypergolic,9500.0,52700.0,Hypergolic,4000.0,0.0,,0.0,0.0,,0.0,750.0,
185,185,2021-068,6.0,20210729,177.8655,-39.2609,Electron (Curie),91285,False,0,0.0,,0.0,9250.0,Kerosene,950.0,2100.0,Kerosene,250.0,245.0,Hypergolic,40.0,0.0,,0.0,44.0,
186,186,2021-069,21.12,20210730,-52.8,5.2,Ariane 5ECA,204,False,2,480000.0,Solid,31000.0,170000.0,Hydrogen,14700.0,14900.0,Hydrogen,4540.0,0.0,,0.0,0.0,,0.0,2675.0,
187,187,2021-F05,7.680000000000001,20210803,100.3,41.3,Shuang Quxian-1,92490,False,0,0.0,,0.0,14356.0,Solid,1744.0,8776.0,Solid,974.0,2618.0,Solid,282.0,1050.0,Solid,300.0,1756.0,
188,188,2021-070,11.04,20210804,111.5,37.8,Long March (CZ) 6,75,False,0,0.0,,0.0,76000.0,Kerosene,7530.0,15075.0,Kerosene,1490.0,480.0,Kerosene,520.0,0.0,,0.0,1500.0,
189,189,2021-071,16.560000000000002,20210805,102.0,28.2,Long March (CZ) 3B,64,False,4,164400.0,Hypergolic,14200.0,186200.0,Hypergolic,11200.0,41000.0,Hypergolic,3924.0,18196.5,Hydrogen,2770.0,0.0,,0.0,1500.0,
190,190,2021-072,22.08,20210810,-75.46,37.85,Antares 230,278,False,0,0.0,,0.0,242200.0,Kerosene,19700.0,24924.0,Solid,1392.0,0.0,,0.0,0.0,,0.0,971.0,
191,191,2021-F06,0.24,20210812,80.4,13.9,GSLV Mk II,302,False,4,169200.0,Solid,22400.0,138100.0,Hypergolic,28300.0,39450.0,Hypergolic,5500.0,14996.0,Hydrogen,2601.0,0.0,,5500.0,1756.0,
192,192,2021-073,1.68,20210817,-52.8,5.2,Vega,282,False,0,0.0,,0.0,87710.0,Solid,8533.0,23814.0,Solid,2486.0,10567.0,Solid,1433.0,577.0,Hypergolic,688.0,540.0,
193,193,2021-074,22.560000000000002,20210818,111.5,37.8,Long March (CZ) 4B,109,False,0,0.0,,0.0,183200.0,Hypergolic,9500.0,35550.0,Hypergolic,4000.0,14000.0,Hypergolic,2000.0,0.0,,0.0,1800.0,
194,194,2021-075,22.32,20210821,63.4,45.6,Soyuz-2-1B Fregat,262,True,4,156640.0,Kerosene,15136.0,90100.0,Kerosene,6545.0,25400.0,Kerosene,2355.0,5350.0,Hypergolic,1000.0,0.0,,0.0,1800.0,
195,195,2021-076,11.280000000000001,20210824,100.3,41.3,Long March (CZ) 2C/YZ-1S,91495,False,0,0.0,,0.0,162706.0,Hypergolic,10000.0,54667.0,Hypergolic,4000.0,1350.0,Hypergolic,2500.0,0.0,,0.0,800.0,
196,196,2021-077,15.6,20210824,102.0,28.2,Long March (CZ) 3B,64,False,4,164400.0,Hypergolic,14200.0,186200.0,Hypergolic,11200.0,41000.0,Hypergolic,3924.0,18196.5,Hydrogen,2770.0,0.0,,0.0,1500.0,
197,197,2021-F07,22.560000000000002,20210828,-152.2,57.6,Astra Rocket 3,99082,False,0,0.0,,0.0,9250.0,Kerosene,950.0,2100.0,Kerosene,250.0,0.0,,0.0,0.0,,0.0,44.0,Electron
198,198,2021-078,7.2,20210829,-81.0,28.5,Falcon 9 v1.2,284,False,0,0.0,,0.0,414850.0,Kerosene,24700.0,109500.0,Kerosene,4250.0,0.0,,0.0,0.0,,0.0,1875.0,
199,199,2021-F08,1.92,20210903,-120.6,34.7,Firefly Alpha,106005,False,0,0.0,,0.0,41905.0,Kerosene,2895.0,7091.0,Kerosene,909.0,0.0,,0.0,0.0,,0.0,1756.0,
200,200,2021-079,3.12,20210907,111.5,37.8,Long March (CZ) 4C,247,False,0,0.0,,0.0,183200.0,Hypergolic,9500.0,35550.0,Hypergolic,4000.0,14000.0,Hypergolic,2000.0,0.0,,0.0,1800.0,
201,201,2021-080,11.76,20210909,102.0,28.2,Long March (CZ) 3B,64,False,4,164400.0,Hypergolic,14200.0,186200.0,Hypergolic,11200.0,41000.0,Hypergolic,3924.0,18196.5,Hydrogen,2770.0,0.0,,0.0,1500.0,
202,202,2021-081,19.92,20210909,40.6,62.8,Soyuz-2-1V,91028,False,0,0.0,,0.0,119000.0,Kerosene,9300.0,25400.0,Kerosene,2355.0,0.0,,0.0,0.0,,0.0,1000.0,
203,203,2021-082,3.8400000000000003,20210914,-120.6,34.7,Falcon 9 v1.2,284,True,0,0.0,,0.0,414850.0,Kerosene,24700.0,109500.0,Kerosene,4250.0,0.0,,0.0,0.0,,0.0,1875.0,
204,204,2021-083,18.240000000000002,20210914,63.4,45.6,Soyuz-2-1B Fregat,262,True,4,156640.0,Kerosene,15136.0,90100.0,Kerosene,6545.0,25400.0,Kerosene,2355.0,5350.0,Hypergolic,1000.0,0.0,,0.0,1800.0,
205,205,2021-084,0.0,20210916,-81.0,28.5,Falcon 9 v1.2,284,False,0,0.0,,0.0,414850.0,Kerosene,24700.0,109500.0,Kerosene,4250.0,0.0,,0.0,0.0,,0.0,1875.0,
206,206,2021-085,7.2,20210920,111.0,19.6,Long March (CZ) 7,275,False,4,301000.0,Kerosene,24000.0,174000.0,Kerosene,12250.0,65000.0,Kerosene,5750.0,0.0,,0.0,0.0,,0.0,2800.0,
207,207,2021-086,6.24,20210927,100.3,41.3,Kuaizhou-1,91718,False,0,0.0,,0.0,16000.0,Solid,621.0,8000.0,Solid,686.0,3000.0,Solid,183.0,1000.0,Hypergolic,200.0,1756.0,
208,208,2021-087,8.4,20210927,102.0,28.2,Long March (CZ) 3B,64,False,4,164400.0,Hypergolic,14200.0,186200.0,Hypergolic,11200.0,41000.0,Hypergolic,3924.0,18196.5,Hydrogen,2770.0,0.0,,0.0,1500.0,
209,209,2021-088,18.240000000000002,20210927,-120.6,34.7,Atlas V 401 v2020,191,False,0,0.0,,0.0,284089.0,Kerosene,21054.0,20800.0,Hydrogen,2030.0,0.0,,0.0,0.0,,0.0,2305.0,
210,210,2021-089,8.88,20211005,63.4,45.6,Soyuz-2-1A,237,False,4,156640.0,Kerosene,15136.0,90100.0,Kerosene,6545.0,22790.0,Kerosene,2410.0,0.0,,0.0,0.0,,0.0,1000.0,
211,211,2021-090,9.6,20211014,128.333,51.883,Soyuz-2-1B Fregat,262,True,4,156640.0,Kerosene,15136.0,90100.0,Kerosene,6545.0,25400.0,Kerosene,2355.0,5350.0,Hypergolic,1000.0,0.0,,0.0,1800.0,
212,212,2021-091,10.8,20211014,111.5,37.8,Long March (CZ) 2D,158,False,0,0.0,,0.0,182000.0,Hypergolic,9500.0,52700.0,Hypergolic,4000.0,0.0,,0.0,0.0,,0.0,750.0,
213,213,2021-092,16.32,20211015,100.3,41.3,Long March (CZ) 2F,108,False,4,157200.0,Hypergolic,12400.0,186750.0,Hypergolic,11000.0,88750.0,Hypergolic,5500.0,0.0,,0.0,0.0,,0.0,6000.0,
214,214,2021-093,9.6,20211016,-81.0,28.5,Atlas V 401 v2020,191,False,0,0.0,,0.0,284089.0,Kerosene,21054.0,20800.0,Hydrogen,2030.0,0.0,,0.0,0.0,,0.0,2305.0,
215,215,2021-F09,7.92,20211021,,,Nuri,106701,False,0,0.0,,0.0,131100.0,Kerosene,16000.0,36800.0,Kerosene,4400.0,10810.0,Kerosene,1290.0,0.0,,0.0,1756.0,
216,216,2021-094,1.44,20211024,102.0,28.2,Long March (CZ) 3B,64,False,4,164400.0,Hypergolic,14200.0,186200.0,Hypergolic,11200.0,41000.0,Hypergolic,3924.0,18196.5,Hydrogen,2770.0,0.0,,0.0,1500.0,
217,217,2021-095,2.1599999999999997,20211024,-52.8,5.2,Ariane 5ECA,204,False,2,480000.0,Solid,31000.0,170000.0,Hydrogen,14700.0,14900.0,Hydrogen,4540.0,0.0,,0.0,0.0,,0.0,2675.0,
218,218,2021-096,2.4,20211026,130.6,30.4,H-IIA 202,190,False,2,130000.0,Solid,21000.0,101100.0,Hydrogen,12900.0,16900.0,Hydrogen,3100.0,0.0,,0.0,0.0,,0.0,1400.0,
219,219,2021-097,6.24,20211027,100.3,41.3,Kuaizhou-1,91718,False,0,0.0,,0.0,16000.0,Solid,621.0,8000.0,Solid,686.0,3000.0,Solid,183.0,1000.0,Hypergolic,200.0,1756.0,
220,220,2021-098,0.0,20211028,63.4,45.6,Soyuz-2-1A,237,False,4,156640.0,Kerosene,15136.0,90100.0,Kerosene,6545.0,22790.0,Kerosene,2410.0,0.0,,0.0,0.0,,0.0,1000.0,
221,221,2021-099,7.680000000000001,20211103,100.3,41.3,Long March (CZ) 2C/YZ-1S,91495,False,0,0.0,,0.0,162706.0,Hypergolic,10000.0,54667.0,Hypergolic,4000.0,1350.0,Hypergolic,2500.0,0.0,,0.0,800.0,
222,222,2021-100,2.4,20211105,111.5,37.8,Long March (CZ) 6,75,False,0,0.0,,0.0,76000.0,Kerosene,7530.0,15075.0,Kerosene,1490.0,480.0,Kerosene,520.0,0.0,,0.0,1500.0,
223,223,2021-101,2.88,20211106,102.0,28.2,Long March (CZ) 2D,158,False,0,0.0,,0.0,182000.0,Hypergolic,9500.0,52700.0,Hypergolic,4000.0,0.0,,0.0,0.0,,0.0,750.0,
224,224,2021-102,0.96,20211109,131.1,31.2,Epsilon-2 CLPS,91886,False,0,0.0,,0.0,66300.0,Solid,8700.0,15000.0,Solid,2000.0,2500.0,Solid,800.0,145.0,Hypergolic,155.0,1000.0,
225,225,2021-103,2.1599999999999997,20211111,-81.0,28.5,Falcon 9 v1.2,284,False,0,0.0,,0.0,414850.0,Kerosene,24700.0,109500.0,Kerosene,4250.0,0.0,,0.0,0.0,,0.0,1875.0,
226,226,2021-104,12.239999999999998,20211113,-81.0,28.5,Falcon 9 v1.2,284,True,0,0.0,,0.0,414850.0,Kerosene,24700.0,109500.0,Kerosene,4250.0,0.0,,0.0,0.0,,0.0,1875.0,
227,227,2021-105,9.36,20211116,-52.8,5.2,Vega,282,False,0,0.0,,0.0,87710.0,Solid,8533.0,23814.0,Solid,2486.0,10567.0,Solid,1433.0,577.0,Hypergolic,688.0,540.0,
228,228,2021-106,1.68,20211118,177.8655,-39.2609,Electron (Curie),91285,False,0,0.0,,0.0,9250.0,Kerosene,950.0,2100.0,Kerosene,250.0,245.0,Hypergolic,40.0,0.0,,0.0,44.0,
229,229,2021-107,1.92,20211120,111.5,37.8,Long March (CZ) 4B,109,False,0,0.0,,0.0,183200.0,Hypergolic,9500.0,35550.0,Hypergolic,4000.0,14000.0,Hypergolic,2000.0,0.0,,0.0,1800.0,
230,230,2021-108,6.24,20211120,-152.2,57.6,Astra Rocket 3,99082,False,0,0.0,,0.0,9250.0,Kerosene,950.0,2100.0,Kerosene,250.0,0.0,,0.0,0.0,,0.0,44.0,Electron
231,231,2021-109,23.76,20211122,100.3,41.3,Long March (CZ) 4C,247,False,0,0.0,,0.0,183200.0,Hypergolic,9500.0,35550.0,Hypergolic,4000.0,14000.0,Hypergolic,2000.0,0.0,,0.0,1800.0,
232,232,2021-110,6.24,20211124,-120.6,34.7,Falcon 9 v1.2,284,False,0,0.0,,0.0,414850.0,Kerosene,24700.0,109500.0,Kerosene,4250.0,0.0,,0.0,0.0,,0.0,1875.0,
233,233,2021-111,13.2,20211124,63.4,45.6,Soyuz-2-1B,239,False,4,156640.0,Kerosene,15136.0,90100.0,Kerosene,6545.0,21640.0,Kerosene,2710.0,0.0,,0.0,0.0,,0.0,1000.0,
234,234,2021-112,23.76,20211124,100.3,41.3,Kuaizhou-1,91718,False,0,0.0,,0.0,16000.0,Solid,621.0,8000.0,Solid,686.0,3000.0,Solid,183.0,1000.0,Hypergolic,200.0,1756.0,
235,235,2021-113,1.2,20211125,40.6,62.8,Soyuz-2-1B Fregat,262,False,4,156640.0,Kerosene,15136.0,90100.0,Kerosene,6545.0,25400.0,Kerosene,2355.0,5350.0,Hypergolic,1000.0,0.0,,0.0,1800.0,
236,236,2021-114,16.560000000000002,20211126,102.0,28.2,Long March (CZ) 3B,64,False,4,164400.0,Hypergolic,14200.0,186200.0,Hypergolic,11200.0,41000.0,Hypergolic,3924.0,18196.5,Hydrogen,2770.0,0.0,,0.0,1500.0,
237,237,2021-115,23.279999999999998,20211202,-81.0,28.5,Falcon 9 v1.2,284,True,0,0.0,,0.0,414850.0,Kerosene,24700.0,109500.0,Kerosene,4250.0,0.0,,0.0,0.0,,0.0,1875.0,
238,238,2021-116,0.24,20211205,-52.8,5.2,Soyuz-ST-B Fregat-MT,263,False,4,156640.0,Kerosene,15136.0,90100.0,Kerosene,6545.0,21640.0,Kerosene,2710.0,7100.0,Hypergolic,1050.0,0.0,,0.0,1700.0,
239,239,2021-117,4.319999999999999,20211207,100.3,41.3,Ceres-1,99915,False,0,0.0,,0.0,12750.0,Solid,1240.0,12750.0,Solid,1376.0,1890.0,Solid,684.0,166.0,Hypergolic,71.0,57.0,Shavit
240,240,2021-118,10.32,20211207,-81.0,28.5,Atlas V 551 v2020,197,False,5,221000.0,Solid,25500.0,284089.0,Kerosene,21351.0,20800.0,Hydrogen,2030.0,0.0,,0.0,0.0,,0.0,3524.0,
241,241,2021-119,7.680000000000001,20211208,63.4,45.6,Soyuz-2-1A,237,False,4,156640.0,Kerosene,15136.0,90100.0,Kerosene,6545.0,22790.0,Kerosene,2410.0,0.0,,0.0,0.0,,0.0,1000.0,
242,242,2021-120,0.0,20211209,177.8655,-39.2609,Electron (Curie),91285,False,0,0.0,,0.0,9250.0,Kerosene,950.0,2100.0,Kerosene,250.0,245.0,Hypergolic,40.0,0.0,,0.0,44.0,
243,243,2021-121,6.0,20211209,-81.0,28.5,Falcon 9 v1.2,284,False,0,0.0,,0.0,414850.0,Kerosene,24700.0,109500.0,Kerosene,4250.0,0.0,,0.0,0.0,,0.0,1875.0,
244,244,2021-122,0.24,20211210,100.3,41.3,Long March (CZ) 4B,109,False,0,0.0,,0.0,183200.0,Hypergolic,9500.0,35550.0,Hypergolic,4000.0,14000.0,Hypergolic,2000.0,0.0,,0.0,1800.0,
245,245,2021-123,12.0,20211213,63.4,45.6,Proton-M/Briz-M,7,False,0,0.0,,0.0,428300.0,Hypergolic,30600.0,157300.0,Hypergolic,11000.0,46562.0,Hypergolic,3500.0,19800.0,Hypergolic,2370.0,2000.0,
246,246,2021-124,16.08,20211213,102.0,28.2,Long March (CZ) 3B,64,False,4,164400.0,Hypergolic,14200.0,186200.0,Hypergolic,11200.0,41000.0,Hypergolic,3924.0,18196.5,Hydrogen,2770.0,0.0,,0.0,1500.0,
247,247,2021-F10,1.92,20211215,100.3,41.3,Kuaizhou-1,91718,False,0,0.0,,0.0,16000.0,Solid,621.0,8000.0,Solid,686.0,3000.0,Solid,183.0,1000.0,Hypergolic,200.0,1756.0,
248,248,2021-125,12.72,20211218,-120.6,34.7,Falcon 9 v1.2,284,True,0,0.0,,0.0,414850.0,Kerosene,24700.0,109500.0,Kerosene,4250.0,0.0,,0.0,0.0,,0.0,1875.0,
249,249,2021-126,4.08,20211219,-81.0,28.5,Falcon 9 v1.2,284,False,0,0.0,,0.0,414850.0,Kerosene,24700.0,109500.0,Kerosene,4250.0,0.0,,0.0,0.0,,0.0,1875.0,
250,250,2021-127,10.08,20211221,-81.0,28.5,Falcon 9 v1.2,284,False,0,0.0,,0.0,414850.0,Kerosene,24700.0,109500.0,Kerosene,4250.0,0.0,,0.0,0.0,,0.0,1875.0,
251,251,2021-128,15.6,20211222,130.6,30.4,H-IIA 204,238,False,4,260000.0,Solid,42000.0,101100.0,Hydrogen,12900.0,16900.0,Hydrogen,3100.0,0.0,,0.0,0.0,,0.0,1400.0,
252,252,2021-129,10.32,20211223,111.0,19.6,Long March (CZ) 7A,98084,False,4,301000.0,Kerosene,24000.0,174000.0,Kerosene,12250.0,65000.0,Kerosene,5750.0,18200.0,Hydrogen,2740.0,0.0,,0.0,2500.0,
253,253,2021-130,12.239999999999998,20211225,-52.8,5.2,Ariane 5ECA,204,False,2,480000.0,Solid,31000.0,170000.0,Hydrogen,14700.0,14900.0,Hydrogen,4540.0,0.0,,0.0,0.0,,0.0,2675.0,
254,254,2021-131,3.12,20211226,111.5,37.8,Long March (CZ) 4C,247,False,0,0.0,,0.0,183200.0,Hypergolic,9500.0,35550.0,Hypergolic,4000.0,14000.0,Hypergolic,2000.0,0.0,,0.0,1800.0,
255,255,2021-132,13.2,20211227,63.4,45.6,Soyuz-2-1B Fregat,262,True,4,156640.0,Kerosene,15136.0,90100.0,Kerosene,6545.0,25400.0,Kerosene,2355.0,5350.0,Hypergolic,1000.0,0.0,,0.0,1800.0,
256,256,2021-133,18.96,20211227,40.6,62.8,Angara A5 Persei,107449,False,4,530400.0,Kerosene,39200.0,132600.0,Kerosene,9800.0,35800.0,Kerosene,4000.0,18700.0,Kerosene,2900.0,0.0,,0.0,1600.0,
257,257,2021-134,11.280000000000001,20211229,100.3,41.3,Long March (CZ) 2D,158,False,0,0.0,,0.0,182000.0,Hypergolic,9500.0,52700.0,Hypergolic,4000.0,0.0,,0.0,0.0,,0.0,750.0,
258,258,2021-135,16.8,20211229,102.0,28.2,Long March (CZ) 3B,64,False,4,164400.0,Hypergolic,14200.0,186200.0,Hypergolic,11200.0,41000.0,Hypergolic,3924.0,18196.5,Hydrogen,2770.0,0.0,,0.0,1500.0,
259,259,2021-F11,3.6,20211230,53.920601,35.234338,Simorgh,88324,False,0,0.0,,0.0,63000.0,Hypergolic,12700.0,8000.0,Hypergolic,1600.0,185.0,Solid,230.0,0.0,,0.0,120.0,
260,260,2022-001,21.84,20220106,-81.0,28.5,Falcon 9 v1.2,284,True,0,0.0,,0.0,414850.0,Kerosene,24700.0,109500.0,Kerosene,4250.0,0.0,,0.0,0.0,,0.0,1875.0,
261,261,2022-002,15.36,20220113,-81.0,28.5,Falcon 9 v1.2,284,False,0,0.0,,0.0,414850.0,Kerosene,24700.0,109500.0,Kerosene,4250.0,0.0,,0.0,0.0,,0.0,1875.0,
262,262,2022-003,22.8,20220113,118.1517,35.0594,LauncherOne,98410,False,0,0.0,,0.0,20000.0,Kerosene,3000.0,2750.0,Kerosene,250.0,0.0,,0.0,0.0,,0.0,100.0,
263,263,2022-004,2.64,20220117,111.5,37.8,Long March (CZ) 2D,158,False,0,0.0,,0.0,182000.0,Hypergolic,9500.0,52700.0,Hypergolic,4000.0,0.0,,0.0,0.0,,0.0,750.0,
264,264,2022-005,2.1599999999999997,20220119,-81.0,28.5,Falcon 9 v1.2,284,True,0,0.0,,0.0,414850.0,Kerosene,24700.0,109500.0,Kerosene,4250.0,0.0,,0.0,0.0,,0.0,1875.0,
265,265,2022-006,18.96,20220121,-81.0,28.5,Atlas V 511 v2020,108354,False,1,44200.0,Solid,5100.0,284089.0,Kerosene,21351.0,20800.0,Hydrogen,2030.0,0.0,,0.0,0.0,,0.0,3524.0,
266,266,2022-007,23.76,20220125,100.3,41.3,Long March (CZ) 4B,109,False,0,0.0,,0.0,183200.0,Hypergolic,9500.0,35550.0,Hypergolic,4000.0,14000.0,Hypergolic,2000.0,0.0,,0.0,1800.0,
267,267,2022-008,23.279999999999998,20220131,-81.0,28.5,Falcon 9 v1.2,284,False,0,0.0,,0.0,414850.0,Kerosene,24700.0,109500.0,Kerosene,4250.0,0.0,,0.0,0.0,,0.0,1875.0,
268,268,2022-009,20.4,20220202,-120.6,34.7,Falcon 9 v1.2,284,False,0,0.0,,0.0,414850.0,Kerosene,24700.0,109500.0,Kerosene,4250.0,0.0,,0.0,0.0,,0.0,1875.0,
269,269,2022-010,18.240000000000002,20220203,-81.0,28.5,Falcon 9 v1.2,284,True,0,0.0,,0.0,414850.0,Kerosene,24700.0,109500.0,Kerosene,4250.0,0.0,,0.0,0.0,,0.0,1875.0,
270,270,2022-011,6.96,20220205,40.6,62.8,Soyuz-2-1A Fregat,261,False,4,156640.0,Kerosene,15136.0,90100.0,Kerosene,6545.0,22790.0,Kerosene,2410.0,5350.0,Hypergolic,1000.0,0.0,,0.0,1800.0,
271,271,2022-012,18.240000000000002,20220210,-52.8,5.2,Soyuz-ST-B Fregat-MT,263,True,4,156640.0,Kerosene,15136.0,90100.0,Kerosene,6545.0,21640.0,Kerosene,2710.0,7100.0,Hypergolic,1050.0,0.0,,0.0,1700.0,
272,272,2022-F01,19.92,20220210,-80.54,28.4706,Astra Rocket 3,99082,False,0,0.0,,0.0,9250.0,Kerosene,950.0,2100.0,Kerosene,250.0,0.0,,0.0,0.0,,0.0,44.0,Electron
273,273,2022-013,0.48,20220214,80.4,13.9,PSLV-XL,249,False,6,73200.0,Solid,14130.0,138600.0,Solid,30100.0,41500.0,Hypergolic,5350.0,7625.0,Solid,900.0,2250.0,Hypergolic,670.0,1125.0,
274,274,2022-014,4.319999999999999,20220215,63.4,45.6,Soyuz-2-1A,237,False,4,156640.0,Kerosene,15136.0,90100.0,Kerosene,6545.0,22790.0,Kerosene,2410.0,0.0,,0.0,0.0,,0.0,1000.0,
275,275,2022-015,17.76,20220219,-75.46,37.85,Antares 230,278,False,0,0.0,,0.0,242200.0,Kerosene,19700.0,24924.0,Solid,1392.0,0.0,,0.0,0.0,,0.0,971.0,
276,276,2022-016,14.639999999999999,20220221,-81.0,28.5,Falcon 9 v1.2,284,True,0,0.0,,0.0,414850.0,Kerosene,24700.0,109500.0,Kerosene,4250.0,0.0,,0.0,0.0,,0.0,1875.0,
277,277,2022-017,17.279999999999998,20220225,-120.6,34.7,Falcon 9 v1.2,284,True,0,0.0,,0.0,414850.0,Kerosene,24700.0,109500.0,Kerosene,4250.0,0.0,,0.0,0.0,,0.0,1875.0,
278,278,2022-018,23.76,20220226,100.3,41.3,Long March (CZ) 4C,247,False,0,0.0,,0.0,183200.0,Hypergolic,9500.0,35550.0,Hypergolic,4000.0,14000.0,Hypergolic,2000.0,0.0,,0.0,1800.0,
279,279,2022-019,3.12,20220227,111.0,19.6,Long March (CZ) 8,102354,False,2,151000.0,Kerosene,12000.0,174000.0,Kerosene,12500.0,18199.0,Hydrogen,2740.0,0.0,,0.0,0.0,,0.0,2500.0,
280,280,2022-020,20.64,20220228,177.8655,-39.2609,Electron (Curie),91285,False,0,0.0,,0.0,9250.0,Kerosene,950.0,2100.0,Kerosene,250.0,245.0,Hypergolic,40.0,0.0,,0.0,44.0,
281,281,2022-021,21.6,20220301,-81.0,28.5,Atlas V 541 v2020,196,False,4,176800.0,Solid,20400.0,284089.0,Kerosene,21351.0,20800.0,Hydrogen,2030.0,0.0,,0.0,0.0,,0.0,3524.0,
282,282,2022-022,14.4,20220303,-81.0,28.5,Falcon 9 v1.2,284,True,0,0.0,,0.0,414850.0,Kerosene,24700.0,109500.0,Kerosene,4250.0,0.0,,0.0,0.0,,0.0,1875.0,
283,283,2022-023,6.0,20220305,102.0,28.2,Long March (CZ) 2C,157,True,0,0.0,,0.0,162706.0,Hypergolic,10000.0,54667.0,Hypergolic,4000.0,0.0,,0.0,0.0,,0.0,800.0,
284,284,2022-024,5.04,20220308,55.333,36.201,Qased,98094,False,0,0.0,,0.0,14400.0,Solid,2700.0,1500.0,Solid,200.0,398.0,Solid,133.33333333333334,0.0,,0.0,100.0,
285,285,2022-025,13.68,20220309,-81.0,28.5,Falcon 9 v1.2,284,True,0,0.0,,0.0,414850.0,Kerosene,24700.0,109500.0,Kerosene,4250.0,0.0,,0.0,0.0,,0.0,1875.0,
286,286,2022-026,16.32,20220315,-152.2,57.6,Astra Rocket 3,99082,False,0,0.0,,0.0,9250.0,Kerosene,950.0,2100.0,Kerosene,250.0,0.0,,0.0,0.0,,0.0,44.0,Electron
287,287,2022-027,7.2,20220317,100.3,41.3,Long March (CZ) 4C,247,False,0,0.0,,0.0,183200.0,Hypergolic,9500.0,35550.0,Hypergolic,4000.0,14000.0,Hypergolic,2000.0,0.0,,0.0,1800.0,
288,288,2022-028,15.84,20220318,63.4,45.6,Soyuz-2-1A,237,False,4,156640.0,Kerosene,15136.0,90100.0,Kerosene,6545.0,22790.0,Kerosene,2410.0,0.0,,0.0,0.0,,0.0,1000.0,
289,289,2022-029,4.8,20220319,-81.0,28.5,Falcon 9 v1.2,284,True,0,0.0,,0.0,414850.0,Kerosene,24700.0,109500.0,Kerosene,4250.0,0.0,,0.0,0.0,,0.0,1875.0,
290,290,2022-030,12.72,20220322,40.6,62.8,Soyuz-2-1A Fregat,261,False,4,156640.0,Kerosene,15136.0,90100.0,Kerosene,6545.0,22790.0,Kerosene,2410.0,5350.0,Hypergolic,1000.0,0.0,,0.0,1800.0,
291,291,2022-031,9.84,20220329,111.5,37.8,Long March (CZ) 6A,111268,False,4,301000.0,Solid,24000.0,174000.0,Kerosene,12250.0,65000.0,Kerosene,5750.0,0.0,,0.0,0.0,,0.0,2800.0,Long March (CZ) 7A
292,292,2022-032,2.4,20220330,100.3,41.3,Long March (CZ) 11,5,False,0,0.0,,0.0,35000.0,Solid,4770.0,6237.0,Solid,795.0,3915.0,Solid,403.5,776.1,Solid,152.55,300.0,Minotaur 1
293,293,2022-033,16.32,20220401,-81.0,28.5,Falcon 9 v1.2,284,True,0,0.0,,0.0,414850.0,Kerosene,24700.0,109500.0,Kerosene,4250.0,0.0,,0.0,0.0,,0.0,1875.0,
294,294,2022-034,12.72,20220402,177.8655,-39.2609,Electron (Curie),91285,False,0,0.0,,0.0,9250.0,Kerosene,950.0,2100.0,Kerosene,250.0,245.0,Hypergolic,40.0,0.0,,0.0,44.0,
295,295,2022-035,23.76,20220406,100.3,41.3,Long March (CZ) 4C,247,False,0,0.0,,0.0,183200.0,Hypergolic,9500.0,35550.0,Hypergolic,4000.0,14000.0,Hypergolic,2000.0,0.0,,0.0,1800.0,
296,296,2022-036,11.280000000000001,20220407,40.6,62.8,Soyuz-2-1B,239,False,4,156640.0,Kerosene,15136.0,90100.0,Kerosene,6545.0,21640.0,Kerosene,2710.0,0.0,,0.0,0.0,,0.0,1000.0,
297,297,2022-037,15.36,20220408,-81.0,28.5,Falcon 9 v1.2,284,False,0,0.0,,0.0,414850.0,Kerosene,24700.0,109500.0,Kerosene,4250.0,0.0,,0.0,0.0,,0.0,1875.0,
298,298,2022-038,12.0,20220415,102.0,28.2,Long March (CZ) 3B,64,False,4,164400.0,Hypergolic,14200.0,186200.0,Hypergolic,11200.0,41000.0,Hypergolic,3924.0,18196.5,Hydrogen,2770.0,0.0,,0.0,1500.0,
299,299,2022-039,18.240000000000002,20220415,111.5,37.8,Long March (CZ) 4C,247,False,0,0.0,,0.0,183200.0,Hypergolic,9500.0,35550.0,Hypergolic,4000.0,14000.0,Hypergolic,2000.0,0.0,,0.0,1800.0,
300,300,2022-040,13.2,20220417,-120.6,34.7,Falcon 9 v1.2,284,False,0,0.0,,0.0,414850.0,Kerosene,24700.0,109500.0,Kerosene,4250.0,0.0,,0.0,0.0,,0.0,1875.0,
301,301,2022-041,17.76,20220421,-81.0,28.5,Falcon 9 v1.2,284,True,0,0.0,,0.0,414850.0,Kerosene,24700.0,109500.0,Kerosene,4250.0,0.0,,0.0,0.0,,0.0,1875.0,
302,302,2022-042,7.92,20220427,-81.0,28.5,Falcon 9 v1.2,284,False,0,0.0,,0.0,414850.0,Kerosene,24700.0,109500.0,Kerosene,4250.0,0.0,,0.0,0.0,,0.0,1875.0,
303,303,2022-043,4.08,20220429,100.3,41.3,Long March (CZ) 2C,157,False,0,0.0,,0.0,162706.0,Hypergolic,10000.0,54667.0,Hypergolic,4000.0,0.0,,0.0,0.0,,0.0,800.0,
304,304,2022-044,19.92,20220429,40.6,62.8,Angara 1.2,111436,False,0,0.0,,0.0,128800.0,Kerosene,10150.0,25700.0,Kerosene,2355.0,2000.0,Hypergolic,1000.0,0.0,,0.0,655.0,
305,305,2022-045,21.360000000000003,20220429,-81.0,28.5,Falcon 9 v1.2,284,True,0,0.0,,0.0,414850.0,Kerosene,24700.0,109500.0,Kerosene,4250.0,0.0,,0.0,0.0,,0.0,1875.0,
306,306,2022-046,3.6,20220430,,,Long March (CZ) 11,5,False,0,0.0,,0.0,35000.0,Solid,4770.0,6237.0,Solid,795.0,3915.0,Solid,403.5,776.1,Solid,152.55,300.0,Minotaur 1
307,307,2022-047,22.8,20220502,177.8655,-39.2609,Electron (Curie),91285,True,0,0.0,,0.0,9250.0,Kerosene,950.0,2100.0,Kerosene,250.0,245.0,Hypergolic,40.0,0.0,,0.0,44.0,
308,308,2022-048,2.64,20220505,111.5,37.8,Long March (CZ) 2D,158,False,0,0.0,,0.0,182000.0,Hypergolic,9500.0,52700.0,Hypergolic,4000.0,0.0,,0.0,0.0,,0.0,750.0,
309,309,2022-049,9.6,20220506,-81.0,28.5,Falcon 9 v1.2,284,True,0,0.0,,0.0,414850.0,Kerosene,24700.0,109500.0,Kerosene,4250.0,0.0,,0.0,0.0,,0.0,1875.0,
310,310,2022-050,18.0,20220509,111.0,19.6,Long March (CZ) 7,275,False,4,301000.0,Kerosene,24000.0,174000.0,Kerosene,12250.0,65000.0,Kerosene,5750.0,0.0,,0.0,0.0,,0.0,2800.0,
311,311,2022-F02,7.2,20220513,100.3,41.3,Shuang Quxian-1,92490,False,0,0.0,,0.0,14356.0,Solid,1744.0,8776.0,Solid,974.0,2618.0,Solid,282.0,1050.0,Solid,300.0,1756.0,
312,312,2022-051,22.08,20220513,-120.6,34.7,Falcon 9 v1.2,284,True,0,0.0,,0.0,414850.0,Kerosene,24700.0,109500.0,Kerosene,4250.0,0.0,,0.0,0.0,,0.0,1875.0,
313,313,2022-052,20.64,20220514,-81.0,28.5,Falcon 9 v1.2,284,True,0,0.0,,0.0,414850.0,Kerosene,24700.0,109500.0,Kerosene,4250.0,0.0,,0.0,0.0,,0.0,1875.0,
314,314,2022-053,11.04,20220518,-81.0,28.5,Falcon 9 v1.2,284,True,0,0.0,,0.0,414850.0,Kerosene,24700.0,109500.0,Kerosene,4250.0,0.0,,0.0,0.0,,0.0,1875.0,
315,315,2022-054,8.16,20220519,40.6,62.8,Soyuz-2-1A,237,False,4,156640.0,Kerosene,15136.0,90100.0,Kerosene,6545.0,22790.0,Kerosene,2410.0,0.0,,0.0,0.0,,0.0,1000.0,
316,316,2022-055,22.8,20220519,-81.0,28.5,Atlas V N22 v2020,111723,False,2,88400.0,Solid,10200.0,284089.0,Kerosene,22825.0,20830.0,Hydrogen,2030.0,0.0,,0.0,0.0,,0.0,0.0,
317,317,2022-056,10.56,20220520,100.3,41.3,Long March (CZ) 2C/YZ-1S,91495,False,0,0.0,,0.0,162706.0,Hypergolic,10000.0,54667.0,Hypergolic,4000.0,1350.0,Hypergolic,2500.0,0.0,,0.0,800.0,
318,318,2022-057,18.479999999999997,20220525,-81.0,28.5,Falcon 9 v1.2,284,False,0,0.0,,0.0,414850.0,Kerosene,24700.0,109500.0,Kerosene,4250.0,0.0,,0.0,0.0,,0.0,1875.0,
319,319,2022-058,4.08,20220602,102.0,28.2,Long March (CZ) 2C,157,False,0,0.0,,0.0,162706.0,Hypergolic,10000.0,54667.0,Hypergolic,4000.0,0.0,,0.0,0.0,,0.0,800.0,
320,320,2022-059,9.6,20220603,63.4,45.6,Soyuz-2-1A,237,False,4,156640.0,Kerosene,15136.0,90100.0,Kerosene,6545.0,22790.0,Kerosene,2410.0,0.0,,0.0,0.0,,0.0,1000.0,
321,321,2022-060,2.64,20220605,100.3,41.3,Long March (CZ) 2F,108,False,4,157200.0,Hypergolic,12400.0,186750.0,Hypergolic,11000.0,88750.0,Hypergolic,5500.0,0.0,,0.0,0.0,,0.0,6000.0,
322,322,2022-061,21.12,20220608,-81.0,28.5,Falcon 9 v1.2,284,False,0,0.0,,0.0,414850.0,Kerosene,24700.0,109500.0,Kerosene,4250.0,0.0,,0.0,0.0,,0.0,1875.0,
323,323,2022-F03,17.76,20220612,-80.54,28.4706,Astra Rocket 3,99082,False,0,0.0,,0.0,9250.0,Kerosene,950.0,2100.0,Kerosene,250.0,0.0,,0.0,0.0,,0.0,44.0,Electron
324,324,2022-062,16.08,20220617,-81.0,28.5,Falcon 9 v1.2,284,True,0,0.0,,0.0,414850.0,Kerosene,24700.0,109500.0,Kerosene,4250.0,0.0,,0.0,0.0,,0.0,1875.0,
325,325,2022-063,14.4,20220618,-120.6,34.7,Falcon 9 v1.2,284,False,0,0.0,,0.0,414850.0,Kerosene,24700.0,109500.0,Kerosene,4250.0,0.0,,0.0,0.0,,0.0,1875.0,
326,326,2022-064,4.56,20220619,-81.0,28.5,Falcon 9 v1.2,284,False,0,0.0,,0.0,414850.0,Kerosene,24700.0,109500.0,Kerosene,4250.0,0.0,,0.0,0.0,,0.0,1875.0,
327,327,2022-065,6.96,20220621,,,Nuri,106701,False,0,0.0,,0.0,131100.0,Kerosene,16000.0,36800.0,Kerosene,4400.0,10810.0,Kerosene,1290.0,0.0,,0.0,1756.0,
328,328,2022-066,2.1599999999999997,20220622,100.3,41.3,Kuaizhou-1,91718,False,0,0.0,,0.0,16000.0,Solid,621.0,8000.0,Solid,686.0,3000.0,Solid,183.0,1000.0,Hypergolic,200.0,1756.0,
329,329,2022-067,21.84,20220622,-52.8,5.2,Ariane 5ECA,204,False,2,480000.0,Solid,31000.0,170000.0,Hydrogen,14700.0,14900.0,Hydrogen,4540.0,0.0,,0.0,0.0,,0.0,2675.0,
330,330,2022-068,2.4,20220623,102.0,28.2,Long March (CZ) 2D,158,False,0,0.0,,0.0,182000.0,Hypergolic,9500.0,52700.0,Hypergolic,4000.0,0.0,,0.0,0.0,,0.0,750.0,
331,331,2022-069,15.84,20220627,100.3,41.3,Long March (CZ) 4C,247,False,0,0.0,,0.0,183200.0,Hypergolic,9500.0,35550.0,Hypergolic,4000.0,14000.0,Hypergolic,2000.0,0.0,,0.0,1800.0,
332,332,2022-070,9.84,20220628,177.8655,-39.2609,Electron (Curie),91285,False,0,0.0,,0.0,9250.0,Kerosene,950.0,2100.0,Kerosene,250.0,245.0,Hypergolic,40.0,0.0,,0.0,44.0,
333,333,2022-071,21.12,20220629,-81.0,28.5,Falcon 9 v1.2,284,False,0,0.0,,0.0,414850.0,Kerosene,24700.0,109500.0,Kerosene,4250.0,0.0,,0.0,0.0,,0.0,1875.0,
334,334,2022-072,12.48,20220630,80.4,13.9,PSLV-CA,305,False,0,0.0,,0.0,138600.0,Solid,30100.0,41500.0,Hypergolic,5350.0,7625.0,Solid,900.0,1850.0,Hypergolic,670.0,1125.0,
335,335,2022-073,23.279999999999998,20220701,-81.0,28.5,Atlas V 541 v2020,196,False,4,176800.0,Solid,20400.0,284089.0,Kerosene,21351.0,20800.0,Hydrogen,2030.0,0.0,,0.0,0.0,,0.0,3524.0,
336,336,2022-074,6.96,20220702,118.1517,35.0594,LauncherOne,98410,False,0,0.0,,0.0,20000.0,Kerosene,3000.0,2750.0,Kerosene,250.0,0.0,,0.0,0.0,,0.0,100.0,
337,337,2022-075,9.36,20220707,40.6,62.8,Soyuz-2-1B Fregat,262,False,4,156640.0,Kerosene,15136.0,90100.0,Kerosene,6545.0,25400.0,Kerosene,2355.0,5350.0,Hypergolic,1000.0,0.0,,0.0,1800.0,
338,338,2022-076,13.2,20220707,-81.0,28.5,Falcon 9 v1.2,284,True,0,0.0,,0.0,414850.0,Kerosene,24700.0,109500.0,Kerosene,4250.0,0.0,,0.0,0.0,,0.0,1875.0,
339,339,2022-077,1.68,20220711,-120.6,34.7,Falcon 9 v1.2,284,True,0,0.0,,0.0,414850.0,Kerosene,24700.0,109500.0,Kerosene,4250.0,0.0,,0.0,0.0,,0.0,1875.0,
340,340,2022-078,16.560000000000002,20220712,102.0,28.2,Long March (CZ) 3B,64,False,4,164400.0,Hypergolic,14200.0,186200.0,Hypergolic,11200.0,41000.0,Hypergolic,3924.0,18196.5,Hydrogen,2770.0,0.0,,0.0,1500.0,
341,341,2022-079,6.48,20220713,177.8655,-39.2609,Electron (Curie),91285,False,0,0.0,,0.0,9250.0,Kerosene,950.0,2100.0,Kerosene,250.0,245.0,Hypergolic,40.0,0.0,,0.0,44.0,
342,342,2022-080,13.2,20220713,-52.8,5.2,Vega C,111991,False,0,0.0,,0.0,141634.0,Solid,13393.0,36239.0,Solid,4238.0,10567.0,Solid,1433.0,740.0,Hypergolic,698.0,860.0,
343,343,2022-081,0.72,20220715,-81.0,28.5,Falcon 9 v1.2,284,False,0,0.0,,0.0,414850.0,Kerosene,24700.0,109500.0,Kerosene,4250.0,0.0,,0.0,0.0,,0.0,1875.0,
344,344,2022-082,23.040000000000003,20220715,111.5,37.8,Long March (CZ) 2C,157,False,0,0.0,,0.0,162706.0,Hypergolic,10000.0,54667.0,Hypergolic,4000.0,0.0,,0.0,0.0,,0.0,800.0,
345,345,2022-083,14.4,20220717,-81.0,28.5,Falcon 9 v1.2,284,True,0,0.0,,0.0,414850.0,Kerosene,24700.0,109500.0,Kerosene,4250.0,0.0,,0.0,0.0,,0.0,1875.0,
346,346,2022-084,17.76,20220722,-120.6,34.7,Falcon 9 v1.2,284,True,0,0.0,,0.0,414850.0,Kerosene,24700.0,109500.0,Kerosene,4250.0,0.0,,0.0,0.0,,0.0,1875.0,
347,347,2022-085,6.48,20220724,111.0,19.6,Long March (CZ) 5B,98090,False,4,574000.0,Kerosene,49000.0,158250.0,Hydrogen,17500.0,0.0,,0.0,0.0,,0.0,0.0,,0.0,2400.0,
348,348,2022-086,13.68,20220724,-81.0,28.5,Falcon 9 v1.2,284,True,0,0.0,,0.0,414850.0,Kerosene,24700.0,109500.0,Kerosene,4250.0,0.0,,0.0,0.0,,0.0,1875.0,
349,349,2022-087,4.319999999999999,20220727,100.3,41.3,Zhongke 1A,112002,False,0,0.0,,0.0,141634.0,Solid,13393.0,36239.0,Solid,4238.0,10567.0,Solid,1433.0,740.0,Solid,698.0,860.0,Vega C
350,350,2022-088,13.44,20220729,102.0,28.2,Long March (CZ) 2D,158,False,0,0.0,,0.0,182000.0,Hypergolic,9500.0,52700.0,Hypergolic,4000.0,0.0,,0.0,0.0,,0.0,750.0,
351,351,2022-089,20.4,20220801,40.6,62.8,Soyuz-2-1V Volga,272,False,0,0.0,,0.0,119000.0,Kerosene,9300.0,25400.0,Kerosene,2355.0,900.0,Hypergolic,890.0,0.0,,0.0,1000.0,
352,352,2022-090,3.12,20220804,111.5,37.8,Long March (CZ) 4B,109,False,0,0.0,,0.0,183200.0,Hypergolic,9500.0,35550.0,Hypergolic,4000.0,14000.0,Hypergolic,2000.0,0.0,,0.0,1800.0,
353,353,2022-091,5.04,20220804,177.8655,-39.2609,Electron (Curie),91285,False,0,0.0,,0.0,9250.0,Kerosene,950.0,2100.0,Kerosene,250.0,245.0,Hypergolic,40.0,0.0,,0.0,44.0,
354,354,2022-092,10.56,20220804,-81.0,28.5,Atlas V 421 v2021,242,False,2,88400.0,Solid,10200.0,284089.0,Kerosene,21054.0,20800.0,Hydrogen,2028.0,0.0,,0.0,0.0,,0.0,2305.0,
355,355,2022-093,16.08,20220804,100.3,41.3,Long March (CZ) 2F,108,False,4,157200.0,Hypergolic,12400.0,186750.0,Hypergolic,11000.0,88750.0,Hypergolic,5500.0,0.0,,0.0,0.0,,0.0,6000.0,
356,356,2022-094,23.040000000000003,20220804,-81.0,28.5,Falcon 9 v1.2,284,False,0,0.0,,0.0,414850.0,Kerosene,24700.0,109500.0,Kerosene,4250.0,0.0,,0.0,0.0,,0.0,1875.0,
357,357,2022-F04,3.8400000000000003,20220807,80.4,13.9,SSLV,112023,False,0,0.0,,0.0,87000.0,Solid,10500.0,7700.0,Solid,2650.0,4500.0,Solid,1450.0,50.0,Hypergolic,150.0,90.0,
358,358,2022-095,4.08,20220809,100.3,41.3,Ceres-1,99915,False,0,0.0,,0.0,12750.0,Solid,1240.0,12750.0,Solid,1376.0,1890.0,Solid,684.0,166.0,Hypergolic,71.0,57.0,Shavit
359,359,2022-096,5.76,20220809,63.4,45.6,Soyuz-2-1B Fregat,262,False,4,156640.0,Kerosene,15136.0,90100.0,Kerosene,6545.0,25400.0,Kerosene,2355.0,5350.0,Hypergolic,1000.0,0.0,,0.0,1800.0,
360,360,2022-097,2.1599999999999997,20220810,-81.0,28.5,Falcon 9 v1.2,284,True,0,0.0,,0.0,414850.0,Kerosene,24700.0,109500.0,Kerosene,4250.0,0.0,,0.0,0.0,,0.0,1875.0,
361,361,2022-098,4.8,20220810,111.5,37.8,Long March (CZ) 6,75,False,0,0.0,,0.0,76000.0,Kerosene,7530.0,15075.0,Kerosene,1490.0,480.0,Kerosene,520.0,0.0,,0.0,1500.0,
362,362,2022-099,21.6,20220812,-120.6,34.7,Falcon 9 v1.2,284,True,0,0.0,,0.0,414850.0,Kerosene,24700.0,109500.0,Kerosene,4250.0,0.0,,0.0,0.0,,0.0,1875.0,
363,363,2022-100,17.52,20220819,102.0,28.2,Long March (CZ) 2D,158,False,0,0.0,,0.0,182000.0,Hypergolic,9500.0,52700.0,Hypergolic,4000.0,0.0,,0.0,0.0,,0.0,750.0,
364,364,2022-101,19.44,20220819,-81.0,28.5,Falcon 9 v1.2,284,True,0,0.0,,0.0,414850.0,Kerosene,24700.0,109500.0,Kerosene,4250.0,0.0,,0.0,0.0,,0.0,1875.0,
365,365,2022-102,2.64,20220823,102.0,28.2,Kuaizhou-1,91718,False,0,0.0,,0.0,16000.0,Solid,621.0,8000.0,Solid,686.0,3000.0,Solid,183.0,1000.0,Hypergolic,200.0,1756.0,
366,366,2022-103,3.12,20220824,111.5,37.8,Long March (CZ) 2D,158,False,0,0.0,,0.0,182000.0,Hypergolic,9500.0,52700.0,Hypergolic,4000.0,0.0,,0.0,0.0,,0.0,750.0,
367,367,2022-104,3.6,20220828,-81.0,28.5,Falcon 9 v1.2,284,True,0,0.0,,0.0,414850.0,Kerosene,24700.0,109500.0,Kerosene,4250.0,0.0,,0.0,0.0,,0.0,1875.0,
368,368,2022-105,5.76,20220831,-120.6,34.7,Falcon 9 v1.2,284,True,0,0.0,,0.0,414850.0,Kerosene,24700.0,109500.0,Kerosene,4250.0,0.0,,0.0,0.0,,0.0,1875.0,
369,369,2022-106,23.76,20220902,100.3,41.3,Long March (CZ) 4C,247,False,0,0.0,,0.0,183200.0,Hypergolic,9500.0,35550.0,Hypergolic,4000.0,14000.0,Hypergolic,2000.0,0.0,,0.0,1800.0,
370,370,2022-107,2.1599999999999997,20220905,-81.0,28.5,Falcon 9 v1.2,284,True,0,0.0,,0.0,414850.0,Kerosene,24700.0,109500.0,Kerosene,4250.0,0.0,,0.0,0.0,,0.0,1875.0,
371,371,2022-108,2.4,20220906,100.3,41.3,Kuaizhou-1,91718,False,0,0.0,,0.0,16000.0,Solid,621.0,8000.0,Solid,686.0,3000.0,Solid,183.0,1000.0,Hypergolic,200.0,1756.0,
372,372,2022-109,4.319999999999999,20220906,102.0,28.2,Long March (CZ) 2D,158,False,0,0.0,,0.0,182000.0,Hypergolic,9500.0,52700.0,Hypergolic,4000.0,0.0,,0.0,0.0,,0.0,750.0,
373,373,2022-110,21.84,20220907,-52.8,5.2,Ariane 5ECA,204,False,2,480000.0,Solid,31000.0,170000.0,Hydrogen,14700.0,14900.0,Hydrogen,4540.0,0.0,,0.0,0.0,,0.0,2675.0,
374,374,2022-111,1.44,20220911,-81.0,28.5,Falcon 9 v1.2,284,True,0,0.0,,0.0,414850.0,Kerosene,24700.0,109500.0,Kerosene,4250.0,0.0,,0.0,0.0,,0.0,1875.0,
375,375,2022-112,13.2,20220913,111.0,19.6,Long March (CZ) 7A,98084,False,4,301000.0,Kerosene,24000.0,174000.0,Kerosene,12250.0,65000.0,Kerosene,5750.0,18200.0,Hydrogen,2740.0,0.0,,0.0,2500.0,
376,376,2022-113,20.64,20220915,177.8655,-39.2609,Electron (Curie),91285,False,0,0.0,,0.0,9250.0,Kerosene,950.0,2100.0,Kerosene,250.0,245.0,Hypergolic,40.0,0.0,,0.0,44.0,
377,377,2022-114,0.24,20220919,-81.0,28.5,Falcon 9 v1.2,284,True,0,0.0,,0.0,414850.0,Kerosene,24700.0,109500.0,Kerosene,4250.0,0.0,,0.0,0.0,,0.0,1875.0,
378,378,2022-115,23.279999999999998,20220920,100.3,41.3,Long March (CZ) 2D,158,False,0,0.0,,0.0,182000.0,Hypergolic,9500.0,52700.0,Hypergolic,4000.0,0.0,,0.0,0.0,,0.0,750.0,
379,379,2022-116,13.92,20220921,63.4,45.6,Soyuz-2-1A,237,False,4,156640.0,Kerosene,15136.0,90100.0,Kerosene,6545.0,22790.0,Kerosene,2410.0,0.0,,0.0,0.0,,0.0,1000.0,
380,380,2022-117,22.32,20220924,-120.6,34.7,Delta 4H,203,False,2,406000.0,Hydrogen,54400.0,203000.0,Hydrogen,27200.0,27200.0,Hydrogen,3420.0,0.0,,0.0,0.0,,0.0,3550.0,
381,381,2022-118,22.8,20220924,111.5,37.8,Kuaizhou-1,91718,False,0,0.0,,0.0,16000.0,Solid,621.0,8000.0,Solid,686.0,3000.0,Solid,183.0,1000.0,Hypergolic,200.0,1756.0,
382,382,2022-119,23.52,20220924,-81.0,28.5,Falcon 9 v1.2,284,True,0,0.0,,0.0,414850.0,Kerosene,24700.0,109500.0,Kerosene,4250.0,0.0,,0.0,0.0,,0.0,1875.0,
383,383,2022-120,13.68,20220926,102.0,28.2,Long March (CZ) 2D,158,False,0,0.0,,0.0,182000.0,Hypergolic,9500.0,52700.0,Hypergolic,4000.0,0.0,,0.0,0.0,,0.0,750.0,
384,384,2022-121,23.76,20220926,111.5,37.8,Long March (CZ) 6,75,False,0,0.0,,0.0,76000.0,Kerosene,7530.0,15075.0,Kerosene,1490.0,480.0,Kerosene,520.0,0.0,,0.0,1500.0,
385,385,2022-122,6.96,20221001,-120.6,34.7,Firefly Alpha,106005,False,0,0.0,,0.0,41905.0,Kerosene,2895.0,7091.0,Kerosene,909.0,0.0,,0.0,0.0,,0.0,1756.0,
386,386,2022-123,21.6,20221004,-81.0,28.5,Atlas V 531 v2020,195,False,3,132600.0,Solid,15300.0,284089.0,Kerosene,21351.0,20800.0,Hydrogen,2030.0,0.0,,0.0,0.0,,0.0,3524.0,
387,387,2022-124,16.08,20221005,-81.0,28.5,Falcon 9 v1.2,284,False,0,0.0,,0.0,414850.0,Kerosene,24700.0,109500.0,Kerosene,4250.0,0.0,,0.0,0.0,,0.0,1875.0,
388,388,2022-125,23.279999999999998,20221005,-120.6,34.7,Falcon 9 v1.2,284,True,0,0.0,,0.0,414850.0,Kerosene,24700.0,109500.0,Kerosene,4250.0,0.0,,0.0,0.0,,0.0,1875.0,
389,389,2022-126,13.2,20221007,,,Long March (CZ) 11,5,False,0,0.0,,0.0,35000.0,Solid,4770.0,6237.0,Solid,795.0,3915.0,Solid,403.5,776.1,Solid,152.55,300.0,Minotaur 1
390,390,2022-127,17.040000000000003,20221007,177.8655,-39.2609,Electron (Curie),91285,False,0,0.0,,0.0,9250.0,Kerosene,950.0,2100.0,Kerosene,250.0,245.0,Hypergolic,40.0,0.0,,0.0,44.0,
391,391,2022-128,23.040000000000003,20221008,-81.0,28.5,Falcon 9 v1.2,284,False,0,0.0,,0.0,414850.0,Kerosene,24700.0,109500.0,Kerosene,4250.0,0.0,,0.0,0.0,,0.0,1875.0,
392,392,2022-129,23.76,20221008,100.3,41.3,Long March (CZ) 2D,158,False,0,0.0,,0.0,182000.0,Hypergolic,9500.0,52700.0,Hypergolic,4000.0,0.0,,0.0,0.0,,0.0,750.0,
393,393,2022-130,2.88,20221010,40.6,62.8,Soyuz-2-1B Fregat,262,False,4,156640.0,Kerosene,15136.0,90100.0,Kerosene,6545.0,25400.0,Kerosene,2355.0,5350.0,Hypergolic,1000.0,0.0,,0.0,1800.0,
394,394,2022-F05,0.96,20221012,131.1,31.2,Epsilon-2 CLPS,91886,False,0,0.0,,0.0,66300.0,Solid,8700.0,15000.0,Solid,2000.0,2500.0,Solid,800.0,145.0,Hypergolic,155.0,1000.0,
395,395,2022-131,14.88,20221012,63.4,45.6,Proton-M/DM-3,3,False,0,0.0,,0.0,428300.0,Hypergolic,30600.0,157300.0,Hypergolic,11000.0,46562.0,Hypergolic,3500.0,18600.0,Kerosene,3500.0,2000.0,
396,396,2022-132,22.8,20221012,111.5,37.8,Long March (CZ) 2C,157,False,0,0.0,,0.0,162706.0,Hypergolic,10000.0,54667.0,Hypergolic,4000.0,0.0,,0.0,0.0,,0.0,800.0,
397,397,2022-133,19.2,20221014,102.0,28.2,Long March (CZ) 2D,158,False,0,0.0,,0.0,182000.0,Hypergolic,9500.0,52700.0,Hypergolic,4000.0,0.0,,0.0,0.0,,0.0,750.0,
398,398,2022-134,5.28,20221015,-81.0,28.5,Falcon 9 v1.2,284,False,0,0.0,,0.0,414850.0,Kerosene,24700.0,109500.0,Kerosene,4250.0,0.0,,0.0,0.0,,0.0,1875.0,
399,399,2022-135,19.92,20221015,40.6,62.8,Angara 1.2,111436,False,0,0.0,,0.0,128800.0,Kerosene,10150.0,25700.0,Kerosene,2355.0,2000.0,Hypergolic,1000.0,0.0,,0.0,655.0,
400,400,2022-136,14.88,20221020,-81.0,28.5,Falcon 9 v1.2,284,True,0,0.0,,0.0,414850.0,Kerosene,24700.0,109500.0,Kerosene,4250.0,0.0,,0.0,0.0,,0.0,1875.0,
401,401,2022-137,19.44,20221021,40.6,62.8,Soyuz-2-1V Volga,272,False,0,0.0,,0.0,119000.0,Kerosene,9300.0,25400.0,Kerosene,2355.0,900.0,Hypergolic,890.0,0.0,,0.0,1000.0,
402,402,2022-138,18.72,20221022,80.4,13.9,GSLV Mk III,87378,True,2,411690.0,Solid,62300.0,115500.0,Hypergolic,10100.0,28300.0,Hydrogen,4850.0,0.0,,0.0,0.0,,0.0,1756.0,
403,403,2022-139,19.92,20221022,128.333,51.883,Soyuz-2-1B Fregat,262,False,4,156640.0,Kerosene,15136.0,90100.0,Kerosene,6545.0,25400.0,Kerosene,2355.0,5350.0,Hypergolic,1000.0,0.0,,0.0,1800.0,
404,404,2022-140,0.24,20221026,63.4,45.6,Soyuz-2-1A,237,False,4,156640.0,Kerosene,15136.0,90100.0,Kerosene,6545.0,22790.0,Kerosene,2410.0,0.0,,0.0,0.0,,0.0,1000.0,
405,405,2022-141,1.2,20221028,-120.6,34.7,Falcon 9 v1.2,284,True,0,0.0,,0.0,414850.0,Kerosene,24700.0,109500.0,Kerosene,4250.0,0.0,,0.0,0.0,,0.0,1875.0,
406,406,2022-142,0.96,20221029,100.3,41.3,Long March (CZ) 2D,158,False,0,0.0,,0.0,182000.0,Hypergolic,9500.0,52700.0,Hypergolic,4000.0,0.0,,0.0,0.0,,0.0,750.0,
407,407,2022-143,7.680000000000001,20221031,111.0,19.6,Long March (CZ) 5B,98090,False,4,574000.0,Kerosene,49000.0,158250.0,Hydrogen,17500.0,0.0,,0.0,0.0,,0.0,0.0,,0.0,2400.0,
408,408,2022-144,13.68,20221101,-81.0,28.5,Falcon Heavy,88768,False,2,818600.0,Kerosene,39500.0,409300.0,Kerosene,21300.0,107350.0,Kerosene,4250.0,0.0,,0.0,0.0,,0.0,1875.0,
409,409,2022-145,6.72,20221102,40.6,62.8,Soyuz-2-1B Fregat,262,False,4,156640.0,Kerosene,15136.0,90100.0,Kerosene,6545.0,25400.0,Kerosene,2355.0,5350.0,Hypergolic,1000.0,0.0,,0.0,1800.0,
410,410,2022-146,5.28,20221103,-81.0,28.5,Falcon 9 v1.2,284,False,0,0.0,,0.0,414850.0,Kerosene,24700.0,109500.0,Kerosene,4250.0,0.0,,0.0,0.0,,0.0,1875.0,
411,411,2022-147,17.52,20221104,177.8655,-39.2609,Electron (Curie),91285,False,0,0.0,,0.0,9250.0,Kerosene,950.0,2100.0,Kerosene,250.0,245.0,Hypergolic,40.0,0.0,,0.0,44.0,
412,412,2022-148,11.76,20221105,102.0,28.2,Long March (CZ) 3B,64,False,4,164400.0,Hypergolic,14200.0,186200.0,Hypergolic,11200.0,41000.0,Hypergolic,3924.0,18196.5,Hydrogen,2770.0,0.0,,0.0,1500.0,
413,413,2022-149,10.56,20221107,-75.46,37.85,Antares 230,278,False,0,0.0,,0.0,242200.0,Kerosene,19700.0,24924.0,Solid,1392.0,0.0,,0.0,0.0,,0.0,971.0,
414,414,2022-150,9.84,20221110,-120.6,34.7,Atlas V 401 v2020,191,False,0,0.0,,0.0,284089.0,Kerosene,21054.0,20800.0,Hydrogen,2030.0,0.0,,0.0,0.0,,0.0,2305.0,
415,415,2022-151,22.8,20221111,111.5,37.8,Long March (CZ) 6A,111268,False,4,301000.0,Solid,24000.0,174000.0,Kerosene,12250.0,65000.0,Kerosene,5750.0,0.0,,0.0,0.0,,0.0,2800.0,Long March (CZ) 7A
416,416,2022-152,2.1599999999999997,20221112,111.0,19.6,Long March (CZ) 7,275,False,4,301000.0,Kerosene,24000.0,174000.0,Kerosene,12250.0,65000.0,Kerosene,5750.0,0.0,,0.0,0.0,,0.0,2800.0,
417,417,2022-153,16.08,20221112,-81.0,28.5,Falcon 9 v1.2,284,False,0,0.0,,0.0,414850.0,Kerosene,24700.0,109500.0,Kerosene,4250.0,0.0,,0.0,0.0,,0.0,1875.0,
418,418,2022-154,1.68,20221115,100.3,41.3,Long March (CZ) 4C,247,False,0,0.0,,0.0,183200.0,Hypergolic,9500.0,35550.0,Hypergolic,4000.0,14000.0,Hypergolic,2000.0,0.0,,0.0,1800.0,
419,419,2022-155,6.24,20221116,100.3,41.3,Ceres-1,99915,False,0,0.0,,0.0,12750.0,Solid,1240.0,12750.0,Solid,1376.0,1890.0,Solid,684.0,166.0,Hypergolic,71.0,57.0,Shavit
420,420,2022-156,6.72,20221116,-81.0,28.5,Space Launch System - Block 1 Crew,112387,False,2,1253400.0,Solid,198600.0,1002700.0,Hydrogen,99300.0,29000.0,Hydrogen,3700.0,0.0,,0.0,0.0,,0.0,8165.0,
421,421,2022-157,2.88,20221123,-81.0,28.5,Falcon 9 v1.2,284,False,0,0.0,,0.0,414850.0,Kerosene,24700.0,109500.0,Kerosene,4250.0,0.0,,0.0,0.0,,0.0,1875.0,
422,422,2022-158,6.48,20221126,80.4,13.9,PSLV-XL,249,False,6,73200.0,Solid,14130.0,138600.0,Solid,30100.0,41500.0,Hypergolic,5350.0,7625.0,Solid,900.0,2250.0,Hypergolic,670.0,1125.0,
423,423,2022-159,19.44,20221126,-81.0,28.5,Falcon 9 v1.2,284,False,0,0.0,,0.0,414850.0,Kerosene,24700.0,109500.0,Kerosene,4250.0,0.0,,0.0,0.0,,0.0,1875.0,
424,424,2022-160,12.48,20221127,102.0,28.2,Long March (CZ) 2D,158,False,0,0.0,,0.0,182000.0,Hypergolic,9500.0,52700.0,Hypergolic,4000.0,0.0,,0.0,0.0,,0.0,750.0,
425,425,2022-161,15.120000000000001,20221128,40.6,62.8,Soyuz-2-1B Fregat,262,False,4,156640.0,Kerosene,15136.0,90100.0,Kerosene,6545.0,25400.0,Kerosene,2355.0,5350.0,Hypergolic,1000.0,0.0,,0.0,1800.0,
426,426,2022-162,15.120000000000001,20221129,100.3,41.3,Long March (CZ) 2F,108,False,4,157200.0,Hypergolic,12400.0,186750.0,Hypergolic,11000.0,88750.0,Hypergolic,5500.0,0.0,,0.0,0.0,,0.0,6000.0,
427,427,2022-163,21.12,20221130,40.6,62.8,Soyuz-2-1B,239,False,4,156640.0,Kerosene,15136.0,90100.0,Kerosene,6545.0,21640.0,Kerosene,2710.0,0.0,,0.0,0.0,,0.0,1000.0,
428,428,2022-164,1.2,20221207,100.3,41.3,Kuaizhou-11,98654,False,0,0.0,,0.0,76000.0,Solid,7530.0,15075.0,Solid,1490.0,480.0,Solid,520.0,0.0,,0.0,1500.0,Long March (CZ) 6
429,429,2022-165,18.479999999999997,20221208,111.5,37.8,Long March (CZ) 2D,158,False,0,0.0,,0.0,182000.0,Hypergolic,9500.0,52700.0,Hypergolic,4000.0,0.0,,0.0,0.0,,0.0,750.0,
430,430,2022-166,22.560000000000002,20221208,-81.0,28.5,Falcon 9 v1.2,284,True,0,0.0,,0.0,414850.0,Kerosene,24700.0,109500.0,Kerosene,4250.0,0.0,,0.0,0.0,,0.0,1875.0,
431,431,2022-167,6.48,20221209,,,Jielong-3,112783,False,0,0.0,,0.0,66300.0,Solid,8700.0,15000.0,Solid,2000.0,2500.0,Solid,800.0,145.0,Solid,155.0,1000.0,Epsilon-2 CLPS
432,432,2022-168,7.680000000000001,20221211,-81.0,28.5,Falcon 9 v1.2,284,False,0,0.0,,0.0,414850.0,Kerosene,24700.0,109500.0,Kerosene,4250.0,0.0,,0.0,0.0,,0.0,1875.0,
433,433,2022-169,8.4,20221212,100.3,41.3,Long March (CZ) 4C,247,False,0,0.0,,0.0,183200.0,Hypergolic,9500.0,35550.0,Hypergolic,4000.0,14000.0,Hypergolic,2000.0,0.0,,0.0,1800.0,
434,434,2022-170,20.4,20221213,-52.8,5.2,Ariane 5ECA,204,False,2,480000.0,Solid,31000.0,170000.0,Hydrogen,14700.0,14900.0,Hydrogen,4540.0,0.0,,0.0,0.0,,0.0,2675.0,
435,435,2022-F06,8.4,20221214,100.3,41.3,Zhuque-2,112769,False,0,0.0,,0.0,242200.0,Methane,19700.0,24924.0,Methane,1392.0,0.0,,0.0,0.0,,0.0,971.0,Antares 230
436,436,2022-171,18.479999999999997,20221214,102.0,28.2,Long March (CZ) 2D,158,False,0,0.0,,0.0,182000.0,Hypergolic,9500.0,52700.0,Hypergolic,4000.0,0.0,,0.0,0.0,,0.0,750.0,
437,437,2022-172,6.24,20221216,102.0,28.2,Long March (CZ) 11,5,False,0,0.0,,0.0,35000.0,Solid,4770.0,6237.0,Solid,795.0,3915.0,Solid,403.5,776.1,Solid,152.55,300.0,Minotaur 1
438,438,2022-173,11.76,20221216,-120.6,34.7,Falcon 9 v1.2,284,False,0,0.0,,0.0,414850.0,Kerosene,24700.0,109500.0,Kerosene,4250.0,0.0,,0.0,0.0,,0.0,1875.0,
439,439,2022-174,22.8,20221216,-81.0,28.5,Falcon 9 v1.2,284,False,0,0.0,,0.0,414850.0,Kerosene,24700.0,109500.0,Kerosene,4250.0,0.0,,0.0,0.0,,0.0,1875.0,
440,440,2022-175,21.6,20221217,-81.0,28.5,Falcon 9 v1.2,284,True,0,0.0,,0.0,414850.0,Kerosene,24700.0,109500.0,Kerosene,4250.0,0.0,,0.0,0.0,,0.0,1875.0,
441,441,2022-F07,1.68,20221221,-52.8,5.2,Vega C,111991,False,0,0.0,,0.0,141634.0,Solid,13393.0,36239.0,Solid,4238.0,10567.0,Solid,1433.0,740.0,Hypergolic,698.0,860.0,
442,442,2022-176,7.680000000000001,20221227,111.5,37.8,Long March (CZ) 4B,109,False,0,0.0,,0.0,183200.0,Hypergolic,9500.0,35550.0,Hypergolic,4000.0,14000.0,Hypergolic,2000.0,0.0,,0.0,1800.0,
443,443,2022-177,9.6,20221228,-81.0,28.5,Falcon 9 v1.2,284,True,0,0.0,,0.0,414850.0,Kerosene,24700.0,109500.0,Kerosene,4250.0,0.0,,0.0,0.0,,0.0,1875.0,
444,444,2022-178,4.8,20221229,102.0,28.2,Long March (CZ) 3B,64,False,4,164400.0,Hypergolic,14200.0,186200.0,Hypergolic,11200.0,41000.0,Hypergolic,3924.0,18196.5,Hydrogen,2770.0,0.0,,0.0,1500.0,
445,445,2022-179,7.680000000000001,20221230,-120.6,34.7,Falcon 9 v1.2,284,False,0,0.0,,0.0,414850.0,Kerosene,24700.0,109500.0,Kerosene,4250.0,0.0,,0.0,0.0,,0.0,1875.0,
